S(t-1),S(t)
0.5,1.1
1.1,0.7
0.7,0.4
0.4,0.5
0.5,1.2
1.2,1.9
1.9,1.0
1.0,0.9
0.9,1.1
1.1,1.0
1.0,1.7
1.7,0.6
0.6,0.6
0.6,1.1
1.1,0.8
0.8,0.6
0.6,0.5
0.5,0.4
0.4,0.5
0.5,0.6
0.6,0.6
0.6,0.7
0.7,18.7
18.7,23.1
23.1,6.0
6.0,2.1
2.1,5.4
5.4,85.5
85.5,96.1
96.1,18.9
18.9,5.6
5.6,38.1
38.1,20.0
20.0,13.8
13.8,10.2
10.2,3.9
3.9,3.6
3.6,14.6
14.6,10.1
10.1,5.7
5.7,5.3
5.3,4.0
4.0,2.8
2.8,2.0
2.0,2.0
2.0,2.0
2.0,1.8
1.8,2.3
2.3,1.7
1.7,1.7
1.7,1.4
1.4,1.2
1.2,1.2
1.2,48.0
48.0,98.4
98.4,11.9
11.9,5.0
5.0,5.9
5.9,3.6
3.6,2.7
2.7,2.1
2.1,1.9
1.9,1.5
1.5,1.4
1.4,1.3
1.3,1.2
1.2,1.4
1.4,0.9
0.9,0.8
0.8,0.7
0.7,0.7
0.7,0.7
0.7,0.7
0.7,0.6
0.6,0.6
0.6,0.5
0.5,0.5
0.5,0.6
0.6,0.9
0.9,0.5
0.5,0.5
0.5,0.5
0.5,0.6
0.6,72.1
72.1,271.6
271.6,53.3
53.3,28.9
28.9,15.3
15.3,10.2
10.2,117.3
117.3,578.9
578.9,82.0
82.0,30.5
30.5,13.9
13.9,9.2
9.2,8.7
8.7,7.0
7.0,6.1
6.1,5.8
5.8,4.9
4.9,4.0
4.0,4.1
4.1,3.2
3.2,2.6
2.6,2.1
2.1,2.2
2.2,2.0
2.0,1.8
1.8,1.7
1.7,1.6
1.6,1.6
1.6,1.4
1.4,45.4
45.4,16.1
16.1,7.5
7.5,3.7
3.7,2.9
2.9,2.5
2.5,20.4
20.4,31.4
31.4,4.5
4.5,2.0
2.0,2.5
2.5,1.9
1.9,1.8
1.8,1.2
1.2,1.1
1.1,1.1
1.1,1.1
1.1,0.9
0.9,0.7
0.7,0.6
0.6,0.6
0.6,0.6
0.6,0.6
0.6,1.0
1.0,1.0
1.0,0.8
0.8,0.6
0.6,0.6
0.6,0.7
0.7,0.6
0.6,2.9
2.9,3.1
3.1,1.6
1.6,2.8
2.8,1.4
1.4,2.8
2.8,0.9
0.9,1.3
1.3,1.8
1.8,1.7
1.7,2.9
2.9,4.5
4.5,3.5
3.5,2.2
2.2,1.8
1.8,1.7
1.7,1.7
1.7,1.6
1.6,1.3
1.3,1.3
1.3,1.2
1.2,1.2
1.2,1.1
1.1,1.0
1.0,1.0
1.0,1.5
1.5,1.4
1.4,1.0
1.0,1.2
1.2,1.1
1.1,0.9
0.9,0.9
0.9,0.8
0.8,0.8
0.8,0.8
0.8,0.8
0.8,0.9
0.9,1.2
1.2,0.9
0.9,0.7
0.7,0.7
0.7,0.6
0.6,0.7
0.7,0.6
0.6,0.5
0.5,0.5
0.5,0.5
0.5,0.5
0.5,0.7
0.7,0.7
0.7,0.6
0.6,0.7
0.7,1.1
1.1,2.2
2.2,1.0
1.0,0.7
0.7,0.9
0.9,1.9
1.9,0.9
0.9,0.6
0.6,0.6
0.6,0.6
0.6,0.6
0.6,0.6
0.6,0.6
0.6,0.5
0.5,0.7
0.7,1.2
1.2,0.7
0.7,0.7
0.7,0.6
0.6,0.5
0.5,0.5
0.5,0.5
0.5,0.6
0.6,4.0
4.0,2.2
2.2,1.0
1.0,0.9
0.9,0.6
0.6,0.8
0.8,2.4
2.4,0.5
0.5,0.4
0.4,0.3
0.3,0.5
0.5,91.4
91.4,5.7
5.7,1.4
1.4,1.1
1.1,4.0
4.0,100.9
100.9,215.3
215.3,4.5
4.5,1.9
1.9,1.5
1.5,1.5
1.5,1.5
1.5,1.5
1.5,1.4
1.4,1.4
1.4,1.2
1.2,1.6
1.6,1.7
1.7,1.4
1.4,1.8
1.8,1.6
1.6,1.4
1.4,1.4
1.4,1.0
1.0,0.9
0.9,0.7
0.7,0.6
0.6,0.4
0.4,0.5
0.5,1.4
1.4,1.5
1.5,0.8
0.8,0.6
0.6,0.8
0.8,0.9
0.9,0.7
0.7,0.7
0.7,15.6
15.6,1.9
1.9,1.4
1.4,10.4
10.4,1.9
1.9,1.1
1.1,1.1
1.1,0.8
0.8,0.7
0.7,0.6
0.6,1.2
1.2,0.8
0.8,67.8
67.8,14.8
14.8,4.0
4.0,1.6
1.6,1.1
1.1,0.9
0.9,0.8
0.8,0.8
0.8,0.8
0.8,0.8
0.8,0.9
0.9,0.9
0.9,0.8
0.8,0.8
0.8,0.6
0.6,1.3
1.3,1.7
1.7,0.8
0.8,1.2
1.2,1.1
1.1,0.9
0.9,1.0
1.0,0.7
0.7,0.3
0.3,0.3
0.3,2.7
2.7,3.6
3.6,0.8
0.8,0.4
0.4,0.3
0.3,183.7
183.7,24.9
24.9,2.5
2.5,1.4
1.4,1.3
1.3,1.2
1.2,1.5
1.5,0.9
0.9,1.0
1.0,1.1
1.1,0.9
0.9,0.8
0.8,0.7
0.7,0.6
0.6,0.6
0.6,0.6
0.6,0.5
0.5,1.9
1.9,1.0
1.0,0.6
0.6,0.6
0.6,0.7
0.7,0.6
0.6,0.5
0.5,3.2
3.2,0.9
0.9,0.6
0.6,0.4
0.4,0.5
0.5,0.5
0.5,7.7
7.7,8.8
8.8,1.4
1.4,0.6
0.6,0.5
0.5,0.5
0.5,0.5
0.5,0.5
0.5,0.5
0.5,0.5
0.5,0.5
0.5,0.5
0.5,0.5
0.5,0.4
0.4,0.4
0.4,0.3
0.3,0.3
0.3,0.4
0.4,0.4
0.4,0.8
0.8,1.7
1.7,1.3
1.3,1.5
1.5,0.9
0.9,38.7
38.7,85.5
85.5,5.3
5.3,2.5
2.5,1.3
1.3,0.7
0.7,0.5
0.5,0.8
0.8,0.7
0.7,0.6
0.6,0.5
0.5,0.4
0.4,0.4
0.4,0.8
0.8,0.3
0.3,0.3
0.3,0.3
0.3,0.4
0.4,0.4
0.4,0.3
0.3,0.3
0.3,0.3
0.3,0.3
0.3,0.4
0.4,0.4
0.4,0.4
0.4,0.4
0.4,0.4
0.4,0.6
0.6,0.7
0.7,0.8
0.8,0.8
0.8,0.8
0.8,0.8
0.8,0.9
0.9,0.8
0.8,0.7
0.7,0.6
0.6,0.3
0.3,0.2
0.2,0.2
0.2,0.2
0.2,0.2
0.2,0.2
0.2,0.2
0.2,0.2
0.2,0.2
0.2,0.2
0.2,0.2
0.2,0.2
0.2,0.3
0.3,0.2
0.2,0.4
0.4,9.6
9.6,232.9
232.9,13.8
13.8,6.8
6.8,8.3
8.3,37.6
37.6,20.6
20.6,4.0
4.0,2.2
2.2,2.6
2.6,3.5
3.5,9.7
9.7,90.7
90.7,107.2
107.2,9.5
9.5,4.5
4.5,3.0
3.0,2.5
2.5,2.2
2.2,5.2
5.2,25.0
25.0,14.1
14.1,4.8
4.8,4.4
4.4,3.8
3.8,3.3
3.3,3.6
3.6,3.7
3.7,15.6
15.6,32.4
32.4,15.3
15.3,12.4
12.4,178.6
178.6,55.1
55.1,10.1
10.1,9.6
9.6,10.0
10.0,11.7
11.7,13.2
13.2,11.0
11.0,12.1
12.1,5.8
5.8,3.8
3.8,3.1
3.1,2.6
2.6,2.4
2.4,105.6
105.6,112.9
112.9,18.8
18.8,76.7
76.7,47.6
47.6,22.6
22.6,9.1
9.1,5.5
5.5,5.0
5.0,3.9
3.9,3.0
3.0,2.7
2.7,2.5
2.5,15.2
15.2,14.4
14.4,2.7
2.7,1.2
1.2,1.1
1.1,1.1
1.1,1.0
1.0,1.0
1.0,1.0
1.0,1.0
1.0,1.0
1.0,0.9
0.9,0.8
0.8,0.9
0.9,1.1
1.1,1.4
1.4,1.5
1.5,2.5
2.5,46.2
46.2,8.1
8.1,2.0
2.0,2.2
2.2,3.2
3.2,13.0
13.0,19.8
19.8,5.9
5.9,2.8
2.8,1.8
1.8,3.2
3.2,5.3
5.3,4.5
4.5,3.0
3.0,2.1
2.1,1.7
1.7,1.5
1.5,1.5
1.5,1.4
1.4,1.4
1.4,1.2
1.2,1.2
1.2,1.3
1.3,1.5
1.5,1.3
1.3,1.2
1.2,1.2
1.2,1.3
1.3,1.3
1.3,1.4
1.4,1.2
1.2,1.1
1.1,2.0
2.0,1.1
1.1,0.9
0.9,0.8
0.8,0.9
0.9,0.6
0.6,0.6
0.6,0.6
0.6,0.6
0.6,0.6
0.6,0.6
0.6,0.5
0.5,0.5
0.5,0.5
0.5,0.5
0.5,0.5
0.5,0.5
0.5,0.5
0.5,0.5
0.5,0.4
0.4,0.6
0.6,2.0
2.0,1.2
1.2,0.6
0.6,0.5
0.5,0.5
0.5,0.4
0.4,0.5
0.5,0.4
0.4,2.6
2.6,1.6
1.6,3.6
3.6,1.7
1.7,0.9
0.9,0.8
0.8,0.6
0.6,0.5
0.5,0.5
0.5,0.5
0.5,0.4
0.4,0.9
0.9,0.5
0.5,2.2
2.2,7.0
7.0,1.1
1.1,1.4
1.4,1.5
1.5,1.0
1.0,0.8
0.8,0.8
0.8,0.8
0.8,1.7
1.7,1.1
1.1,0.7
0.7,0.7
0.7,0.9
0.9,0.7
0.7,0.6
0.6,0.6
0.6,0.6
0.6,0.6
0.6,0.6
0.6,1.2
1.2,0.6
0.6,0.4
0.4,0.4
0.4,0.5
0.5,0.5
0.5,0.5
0.5,0.5
0.5,0.6
0.6,1.2
1.2,0.8
0.8,0.7
0.7,1.4
1.4,1.3
1.3,1.2
1.2,1.0
1.0,1.0
1.0,0.8
0.8,0.7
0.7,0.7
0.7,0.7
0.7,0.8
0.8,1.8
1.8,1.5
1.5,0.9
0.9,0.7
0.7,0.6
0.6,0.6
0.6,0.5
0.5,0.5
0.5,0.5
0.5,0.5
0.5,0.4
0.4,0.6
0.6,0.6
0.6,0.6
0.6,0.6
0.6,0.6
0.6,0.6
0.6,7.0
7.0,2.0
2.0,1.6
1.6,0.8
0.8,2.0
2.0,2.3
2.3,0.9
0.9,0.4
0.4,0.4
0.4,0.3
0.3,0.3
0.3,0.3
0.3,0.5
0.5,1.8
1.8,1.0
1.0,1.1
1.1,0.9
0.9,2.8
2.8,1.3
1.3,0.5
0.5,1.5
1.5,1.4
1.4,0.5
0.5,0.4
0.4,0.4
0.4,0.3
0.3,0.3
0.3,0.3
0.3,0.3
0.3,0.3
0.3,0.3
0.3,0.2
0.2,0.3
0.3,0.2
0.2,0.2
0.2,0.2
0.2,0.2
0.2,0.3
0.3,0.2
0.2,0.2
0.2,0.2
0.2,0.1
0.1,0.1
0.1,0.1
0.1,0.1
0.1,0.1
0.1,0.2
0.2,0.2
0.2,0.2
0.2,0.1
0.1,0.2
0.2,0.1
0.1,0.3
0.3,0.2
0.2,0.2
0.2,0.1
0.1,0.1
0.1,0.1
0.1,0.1
0.1,0.1
0.1,7.5
7.5,38.1
38.1,1.4
1.4,0.6
0.6,0.4
0.4,0.3
0.3,0.3
0.3,0.2
0.2,0.2
0.2,0.2
0.2,0.2
0.2,0.2
0.2,0.4
0.4,3.2
3.2,0.8
0.8,0.3
0.3,0.2
0.2,0.2
0.2,0.2
0.2,0.2
0.2,0.4
0.4,0.2
0.2,0.2
0.2,0.2
0.2,0.2
0.2,0.2
0.2,0.6
0.6,0.4
0.4,1.5
1.5,1.2
1.2,0.5
0.5,0.4
0.4,0.3
0.3,0.3
0.3,0.2
0.2,0.4
0.4,1.1
1.1,0.4
0.4,12.0
12.0,3.9
3.9,0.7
0.7,0.4
0.4,0.3
0.3,0.4
0.4,1.2
1.2,0.5
0.5,0.3
0.3,0.2
0.2,0.2
0.2,0.2
0.2,0.5
0.5,0.4
0.4,0.2
0.2,0.2
0.2,0.4
0.4,0.5
0.5,0.2
0.2,0.4
0.4,0.7
0.7,0.4
0.4,0.3
0.3,0.3
0.3,0.5
0.5,0.7
0.7,0.7
0.7,24.7
24.7,7.8
7.8,7.8
7.8,6.0
6.0,4.1
4.1,1.8
1.8,1.1
1.1,0.8
0.8,1.3
1.3,3.8
3.8,1.4
1.4,0.8
0.8,0.6
0.6,0.5
0.5,0.5
0.5,0.4
0.4,0.4
0.4,0.4
0.4,0.4
0.4,0.4
0.4,0.3
0.3,0.3
0.3,0.3
0.3,0.3
0.3,0.3
0.3,0.3
0.3,1.5
1.5,1.8
1.8,1.1
1.1,0.7
0.7,0.5
0.5,0.6
0.6,0.6
0.6,0.6
0.6,0.5
0.5,0.5
0.5,0.5
0.5,0.5
0.5,0.5
0.5,0.4
0.4,0.4
0.4,0.4
0.4,0.9
0.9,73.1
73.1,136.1
136.1,24.1
24.1,12.0
12.0,5.2
5.2,3.1
3.1,2.2
2.2,423.6
423.6,163.9
163.9,20.2
20.2,15.0
15.0,45.6
45.6,80.8
80.8,14.3
14.3,7.0
7.0,4.7
4.7,3.6
3.6,3.2
3.2,3.0
3.0,3.0
3.0,28.3
28.3,10.5
10.5,8.6
8.6,5.6
5.6,4.0
4.0,3.4
3.4,3.1
3.1,2.6
2.6,2.3
2.3,1.8
1.8,1.6
1.6,1.5
1.5,1.5
1.5,1.4
1.4,1.3
1.3,1.2
1.2,1.2
1.2,1.1
1.1,1.1
1.1,1.1
1.1,1.0
1.0,1.5
1.5,6.3
6.3,8.8
8.8,19.1
19.1,129.8
129.8,94.4
94.4,37.5
37.5,22.1
22.1,9.9
9.9,11.2
11.2,13.5
13.5,10.6
10.6,7.2
7.2,5.4
5.4,4.5
4.5,3.7
3.7,3.1
3.1,2.7
2.7,2.3
2.3,2.0
2.0,1.8
1.8,1.8
1.8,1.7
1.7,1.6
1.6,1.5
1.5,1.4
1.4,1.2
1.2,1.2
1.2,1.1
1.1,1.1
1.1,1.1
1.1,1.1
1.1,1.1
1.1,0.9
0.9,0.8
0.8,0.8
0.8,0.8
0.8,0.8
0.8,0.8
0.8,0.9
0.9,1.2
1.2,3.2
3.2,12.1
12.1,15.6
15.6,10.9
10.9,5.2
5.2,3.9
3.9,3.3
3.3,3.0
3.0,2.8
2.8,2.7
2.7,2.6
2.6,2.8
2.8,4.5
4.5,8.5
8.5,3.8
3.8,3.3
3.3,2.6
2.6,2.3
2.3,2.1
2.1,2.1
2.1,2.0
2.0,2.2
2.2,2.1
2.1,2.0
2.0,1.9
1.9,2.0
2.0,1.8
1.8,1.7
1.7,1.7
1.7,1.7
1.7,1.6
1.6,1.6
1.6,1.9
1.9,9.6
9.6,10.4
10.4,56.7
56.7,19.1
19.1,6.8
6.8,4.9
4.9,4.5
4.5,5.5
5.5,3.7
3.7,3.2
3.2,4.8
4.8,4.0
4.0,3.2
3.2,2.9
2.9,2.4
2.4,2.2
2.2,2.0
2.0,2.0
2.0,2.1
2.1,2.1
2.1,2.0
2.0,2.0
2.0,2.3
2.3,2.2
2.2,2.6
2.6,2.9
2.9,2.1
2.1,1.9
1.9,2.7
2.7,2.1
2.1,2.9
2.9,2.5
2.5,2.2
2.2,2.0
2.0,2.1
2.1,2.0
2.0,1.8
1.8,1.7
1.7,9.5
9.5,7.2
7.2,28.4
28.4,5.0
5.0,3.5
3.5,3.4
3.4,2.8
2.8,2.4
2.4,3.1
3.1,33.3
33.3,11.2
11.2,5.2
5.2,5.8
5.8,222.5
222.5,79.4
79.4,48.5
48.5,88.4
88.4,31.9
31.9,15.8
15.8,10.4
10.4,8.3
8.3,7.6
7.6,157.0
157.0,84.3
84.3,47.7
47.7,12.1
12.1,8.0
8.0,7.4
7.4,5.9
5.9,5.1
5.1,4.5
4.5,4.1
4.1,3.7
3.7,3.7
3.7,11.5
11.5,4.7
4.7,3.5
3.5,3.5
3.5,4.1
4.1,3.3
3.3,2.9
2.9,2.5
2.5,2.3
2.3,2.1
2.1,1.7
1.7,1.4
1.4,1.4
1.4,1.4
1.4,1.4
1.4,1.4
1.4,1.2
1.2,1.2
1.2,1.0
1.0,1.0
1.0,1.0
1.0,1.0
1.0,0.9
0.9,0.9
0.9,0.8
0.8,0.8
0.8,0.8
0.8,1.1
1.1,0.8
0.8,0.9
0.9,0.7
0.7,0.8
0.8,0.7
0.7,0.9
0.9,0.9
0.9,0.7
0.7,0.7
0.7,0.6
0.6,3.0
3.0,2.5
2.5,1.2
1.2,0.8
0.8,0.8
0.8,0.9
0.9,0.7
0.7,0.7
0.7,2.5
2.5,11.5
11.5,1.8
1.8,2.3
2.3,1.9
1.9,1.3
1.3,1.1
1.1,1.2
1.2,1.1
1.1,1.0
1.0,0.9
0.9,0.8
0.8,0.7
0.7,2.2
2.2,2.9
2.9,1.1
1.1,0.9
0.9,0.8
0.8,0.8
0.8,1.0
1.0,3.1
3.1,1.6
1.6,0.9
0.9,0.9
0.9,0.9
0.9,0.9
0.9,0.6
0.6,0.5
0.5,0.5
0.5,0.5
0.5,0.4
0.4,0.4
0.4,0.3
0.3,0.4
0.4,6.4
6.4,1.4
1.4,0.9
0.9,3.1
3.1,1.9
1.9,1.1
1.1,1.9
1.9,2.7
2.7,7.4
7.4,5.4
5.4,7.2
7.2,1.3
1.3,1.5
1.5,0.9
0.9,0.6
0.6,0.5
0.5,0.5
0.5,0.4
0.4,0.4
0.4,0.4
0.4,0.4
0.4,0.4
0.4,0.4
0.4,0.4
0.4,0.4
0.4,0.4
0.4,0.4
0.4,0.5
0.5,0.4
0.4,0.3
0.3,0.3
0.3,0.6
0.6,1.3
1.3,1.6
1.6,0.7
0.7,0.6
0.6,0.7
0.7,1.4
1.4,0.9
0.9,0.8
0.8,0.7
0.7,0.6
0.6,0.7
0.7,0.6
0.6,0.5
0.5,0.5
0.5,0.5
0.5,0.5
0.5,0.5
0.5,0.5
0.5,0.4
0.4,0.4
0.4,0.4
0.4,0.4
0.4,0.7
0.7,2.1
2.1,4.3
4.3,7.0
7.0,3.3
3.3,6.3
6.3,2.9
2.9,4.8
4.8,5.1
5.1,7.3
7.3,2.5
2.5,1.8
1.8,1.5
1.5,1.3
1.3,1.1
1.1,1.0
1.0,1.0
1.0,0.9
0.9,1.8
1.8,1.9
1.9,1.3
1.3,1.1
1.1,1.0
1.0,0.9
0.9,0.8
0.8,0.8
0.8,0.7
0.7,0.7
0.7,0.9
0.9,0.9
0.9,0.9
0.9,0.9
0.9,0.8
0.8,0.7
0.7,0.9
0.9,0.8
0.8,0.9
0.9,4.8
4.8,6.7
6.7,3.0
3.0,1.9
1.9,1.5
1.5,1.2
1.2,1.1
1.1,1.0
1.0,0.9
0.9,0.9
0.9,0.9
0.9,0.8
0.8,0.8
0.8,0.8
0.8,1.3
1.3,1.4
1.4,1.1
1.1,0.9
0.9,0.9
0.9,0.8
0.8,0.8
0.8,0.9
0.9,0.8
0.8,0.8
0.8,0.7
0.7,0.7
0.7,0.7
0.7,0.8
0.8,0.7
0.7,0.7
0.7,0.7
0.7,0.7
0.7,1.3
1.3,1.0
1.0,0.9
0.9,0.8
0.8,0.8
0.8,1.1
1.1,1.1
1.1,1.2
1.2,1.2
1.2,1.1
1.1,0.9
0.9,0.9
0.9,0.8
0.8,0.8
0.8,0.8
0.8,0.8
0.8,0.7
0.7,0.8
0.8,0.8
0.8,0.7
0.7,0.7
0.7,0.7
0.7,0.7
0.7,0.7
0.7,0.7
0.7,0.7
0.7,0.6
0.6,0.7
0.7,0.8
0.8,1.3
1.3,1.4
1.4,1.3
1.3,1.0
1.0,0.9
0.9,0.8
0.8,1.3
1.3,1.1
1.1,1.3
1.3,1.2
1.2,0.9
0.9,0.9
0.9,0.8
0.8,0.8
0.8,0.9
0.9,0.8
0.8,0.7
0.7,0.7
0.7,0.7
0.7,0.7
0.7,0.8
0.8,0.8
0.8,0.7
0.7,0.7
0.7,0.7
0.7,0.6
0.6,0.6
0.6,0.6
0.6,0.6
0.6,0.5
0.5,0.5
0.5,0.5
0.5,0.5
0.5,0.5
0.5,0.4
0.4,0.5
0.5,0.5
0.5,0.5
0.5,0.5
0.5,0.8
0.8,0.7
0.7,0.5
0.5,0.5
0.5,0.9
0.9,1.0
1.0,0.8
0.8,0.6
0.6,0.6
0.6,0.5
0.5,0.5
0.5,0.5
0.5,0.5
0.5,0.4
0.4,0.5
0.5,0.6
0.6,0.7
0.7,0.7
0.7,0.7
0.7,0.6
0.6,0.6
0.6,0.6
0.6,0.7
0.7,0.6
0.6,0.6
0.6,0.6
0.6,0.7
0.7,0.9
0.9,0.8
0.8,0.6
0.6,0.8
0.8,0.8
0.8,0.6
0.6,0.6
0.6,0.6
0.6,0.6
0.6,0.6
0.6,0.6
0.6,0.7
0.7,2.1
2.1,1.3
1.3,6.0
6.0,2.4
2.4,1.4
1.4,1.4
1.4,1.5
1.5,0.8
0.8,0.6
0.6,0.6
0.6,0.7
0.7,0.8
0.8,1.5
1.5,1.7
1.7,3.6
3.6,2.4
2.4,1.3
1.3,1.1
1.1,0.9
0.9,0.8
0.8,0.8
0.8,1.0
1.0,1.2
1.2,0.8
0.8,0.8
0.8,0.7
0.7,0.7
0.7,105.0
105.0,74.0
74.0,4.7
4.7,3.4
3.4,9.6
9.6,18.8
18.8,9.4
9.4,5.5
5.5,4.8
4.8,6.7
6.7,5.7
5.7,4.6
4.6,2.4
2.4,2.9
2.9,4.6
4.6,3.9
3.9,2.6
2.6,2.7
2.7,1.1
1.1,1.3
1.3,1.1
1.1,1.1
1.1,1.0
1.0,0.9
0.9,0.9
0.9,0.9
0.9,0.8
0.8,1.0
1.0,0.9
0.9,0.8
0.8,0.8
0.8,0.8
0.8,0.8
0.8,0.9
0.9,0.7
0.7,0.7
0.7,1.4
1.4,1.6
1.6,1.0
1.0,0.8
0.8,0.7
0.7,0.6
0.6,0.9
0.9,1.3
1.3,0.9
0.9,4.9
4.9,45.8
45.8,6.0
6.0,2.6
2.6,1.6
1.6,3.3
3.3,4.5
4.5,2.2
2.2,1.1
1.1,1.0
1.0,1.1
1.1,0.8
0.8,0.7
0.7,1.1
1.1,1.5
1.5,1.2
1.2,1.3
1.3,0.8
0.8,0.7
0.7,2.9
2.9,5.0
5.0,126.6
126.6,19.8
19.8,5.0
5.0,3.1
3.1,3.0
3.0,3.8
3.8,160.9
160.9,322.5
322.5,4.7
4.7,2.7
2.7,1.8
1.8,1.4
1.4,1.2
1.2,1.7
1.7,1.2
1.2,1.1
1.1,1.2
1.2,1.7
1.7,2.9
2.9,1.7
1.7,1.1
1.1,0.9
0.9,0.8
0.8,0.8
0.8,0.7
0.7,0.7
0.7,1.1
1.1,0.9
0.9,1.3
1.3,6.9
6.9,2.4
2.4,1.2
1.2,0.9
0.9,1.4
1.4,2.6
2.6,1.3
1.3,1.0
1.0,0.9
0.9,0.8
0.8,0.8
0.8,0.9
0.9,1.1
1.1,0.9
0.9,0.8
0.8,0.6
0.6,23.8
23.8,34.7
34.7,4.6
4.6,2.2
2.2,1.5
1.5,1.2
1.2,1.0
1.0,0.9
0.9,177.0
177.0,27.4
27.4,10.9
10.9,7.8
7.8,2.8
2.8,2.1
2.1,1.9
1.9,1.8
1.8,1.5
1.5,1.3
1.3,1.3
1.3,1.3
1.3,1.3
1.3,1.4
1.4,1.2
1.2,1.2
1.2,1.1
1.1,0.8
0.8,1.1
1.1,0.8
0.8,0.7
0.7,1.0
1.0,0.8
0.8,0.7
0.7,4.3
4.3,48.7
48.7,13.7
13.7,44.1
44.1,7.1
7.1,2.3
2.3,1.6
1.6,1.3
1.3,48.8
48.8,248.3
248.3,10.4
10.4,4.0
4.0,2.6
2.6,2.0
2.0,1.6
1.6,1.3
1.3,1.2
1.2,1.0
1.0,1.1
1.1,1.0
1.0,1.0
1.0,1.2
1.2,1.2
1.2,1.7
1.7,1.6
1.6,1.5
1.5,1.4
1.4,1.4
1.4,1.5
1.5,1.7
1.7,1.7
1.7,1.7
1.7,1.8
1.8,1.7
1.7,1.7
1.7,2.4
2.4,4.2
4.2,2.7
2.7,2.1
2.1,1.8
1.8,1.6
1.6,1.5
1.5,1.4
1.4,1.3
1.3,1.2
1.2,1.1
1.1,1.0
1.0,0.9
0.9,0.8
0.8,0.8
0.8,0.7
0.7,0.8
0.8,0.9
0.9,0.8
0.8,0.7
0.7,0.6
0.6,0.6
0.6,0.6
0.6,6.1
6.1,51.7
51.7,7.5
7.5,3.9
3.9,4.8
4.8,2.7
2.7,2.1
2.1,4.0
4.0,12.5
12.5,46.1
46.1,8.1
8.1,3.9
3.9,2.9
2.9,2.2
2.2,6.1
6.1,3.8
3.8,2.2
2.2,1.9
1.9,1.5
1.5,1.4
1.4,1.4
1.4,1.4
1.4,1.5
1.5,1.6
1.6,1.5
1.5,1.3
1.3,1.3
1.3,1.2
1.2,3.8
3.8,255.2
255.2,181.4
181.4,49.8
49.8,10.6
10.6,6.2
6.2,8.7
8.7,8.1
8.1,4.5
4.5,3.5
3.5,3.1
3.1,2.4
2.4,2.3
2.3,2.1
2.1,1.8
1.8,1.9
1.9,1.6
1.6,1.4
1.4,1.3
1.3,1.2
1.2,1.1
1.1,1.1
1.1,1.2
1.2,1.2
1.2,1.1
1.1,1.0
1.0,0.9
0.9,0.9
0.9,0.9
0.9,0.8
0.8,0.9
0.9,0.9
0.9,0.8
0.8,0.9
0.9,1.0
1.0,1.0
1.0,0.9
0.9,0.8
0.8,0.7
0.7,0.7
0.7,0.7
0.7,0.7
0.7,0.8
0.8,0.8
0.8,1.1
1.1,1.5
1.5,1.1
1.1,1.0
1.0,1.1
1.1,1.0
1.0,1.2
1.2,1.6
1.6,2.1
2.1,30.9
30.9,10.6
10.6,3.0
3.0,1.9
1.9,1.4
1.4,1.1
1.1,1.1
1.1,1.4
1.4,1.6
1.6,1.6
1.6,2.4
2.4,2.8
2.8,3.2
3.2,2.8
2.8,2.1
2.1,1.3
1.3,1.3
1.3,1.9
1.9,2.6
2.6,3.2
3.2,3.3
3.3,3.3
3.3,3.4
3.4,3.5
3.5,2.8
2.8,2.8
2.8,2.4
2.4,3.8
3.8,120.7
120.7,186.2
186.2,30.6
30.6,18.5
18.5,11.0
11.0,8.9
8.9,5.4
5.4,4.3
4.3,3.9
3.9,3.8
3.8,4.3
4.3,4.5
4.5,4.2
4.2,3.9
3.9,4.1
4.1,3.9
3.9,4.0
4.0,2.7
2.7,3.0
3.0,2.9
2.9,2.3
2.3,2.2
2.2,2.4
2.4,2.3
2.3,2.4
2.4,2.3
2.3,2.2
2.2,2.1
2.1,2.2
2.2,8.6
8.6,4.7
4.7,2.3
2.3,2.3
2.3,2.1
2.1,1.8
1.8,2.8
2.8,1.9
1.9,2.0
2.0,1.7
1.7,1.7
1.7,1.8
1.8,1.9
1.9,1.9
1.9,2.0
2.0,6.3
6.3,2.4
2.4,2.2
2.2,2.1
2.1,2.1
2.1,2.1
2.1,2.1
2.1,2.1
2.1,2.1
2.1,2.0
2.0,2.0
2.0,2.0
2.0,2.4
2.4,3.0
3.0,2.0
2.0,1.6
1.6,1.5
1.5,1.7
1.7,1.5
1.5,1.5
1.5,1.7
1.7,1.6
1.6,1.5
1.5,1.6
1.6,1.5
1.5,14.3
14.3,5.4
5.4,8.0
8.0,2.6
2.6,2.0
2.0,1.9
1.9,2.0
2.0,2.0
2.0,1.9
1.9,1.8
1.8,1.7
1.7,2.0
2.0,1.9
1.9,1.9
1.9,1.8
1.8,2.4
2.4,8.8
8.8,4.2
4.2,2.4
2.4,1.9
1.9,1.8
1.8,2.3
2.3,2.8
2.8,1.9
1.9,1.6
1.6,1.4
1.4,1.4
1.4,1.3
1.3,1.3
1.3,1.6
1.6,1.3
1.3,1.8
1.8,1.3
1.3,1.3
1.3,1.2
1.2,1.2
1.2,1.3
1.3,1.6
1.6,1.8
1.8,1.4
1.4,1.2
1.2,1.4
1.4,1.4
1.4,1.5
1.5,1.5
1.5,2.0
2.0,6.7
6.7,1.4
1.4,1.6
1.6,1.2
1.2,1.3
1.3,1.5
1.5,1.1
1.1,0.9
0.9,0.8
0.8,0.8
0.8,0.7
0.7,0.6
0.6,0.5
0.5,0.4
0.4,0.4
0.4,0.3
0.3,0.3
0.3,0.4
0.4,0.4
0.4,0.4
0.4,0.3
0.3,0.3
0.3,0.4
0.4,1.0
1.0,5.3
5.3,2.6
2.6,1.9
1.9,1.1
1.1,0.9
0.9,0.9
0.9,0.8
0.8,0.7
0.7,0.7
0.7,1.4
1.4,0.8
0.8,0.7
0.7,0.7
0.7,0.7
0.7,0.7
0.7,0.7
0.7,0.7
0.7,0.9
0.9,0.7
0.7,0.8
0.8,0.5
0.5,0.9
0.9,0.7
0.7,0.8
0.8,0.6
0.6,0.5
0.5,0.5
0.5,0.4
0.4,0.5
0.5,0.5
0.5,1.6
1.6,0.8
0.8,0.6
0.6,0.7
0.7,0.7
0.7,1.5
1.5,1.0
1.0,1.1
1.1,1.5
1.5,0.7
0.7,0.6
0.6,0.7
0.7,0.6
0.6,0.5
0.5,0.6
0.6,0.7
0.7,0.5
0.5,0.5
0.5,0.6
0.6,0.4
0.4,0.4
0.4,0.5
0.5,0.9
0.9,0.9
0.9,1.9
1.9,2.2
2.2,0.6
0.6,0.3
0.3,0.3
0.3,1.4
1.4,5.5
5.5,2.1
2.1,1.6
1.6,0.9
0.9,0.6
0.6,0.5
0.5,0.4
0.4,0.4
0.4,0.5
0.5,0.5
0.5,0.4
0.4,0.4
0.4,0.4
0.4,0.4
0.4,0.3
0.3,0.3
0.3,0.4
0.4,0.3
0.3,0.3
0.3,0.3
0.3,0.3
0.3,0.2
0.2,0.2
0.2,0.3
0.3,0.3
0.3,0.2
0.2,0.2
0.2,0.3
0.3,0.2
0.2,0.2
0.2,0.4
0.4,1.6
1.6,1.5
1.5,1.5
1.5,7.7
7.7,3.8
3.8,235.2
235.2,55.6
55.6,8.5
8.5,4.1
4.1,3.0
3.0,2.7
2.7,2.8
2.8,2.9
2.9,2.8
2.8,3.3
3.3,60.3
60.3,343.1
343.1,122.4
122.4,14.0
14.0,7.0
7.0,4.4
4.4,3.1
3.1,2.4
2.4,1.9
1.9,1.8
1.8,2.1
2.1,2.0
2.0,4.9
4.9,6.6
6.6,3.9
3.9,2.6
2.6,2.0
2.0,1.9
1.9,2.3
2.3,2.2
2.2,1.9
1.9,1.6
1.6,2.0
2.0,1.7
1.7,1.4
1.4,1.3
1.3,1.2
1.2,1.1
1.1,1.0
1.0,1.0
1.0,0.9
0.9,0.9
0.9,0.9
0.9,0.8
0.8,0.8
0.8,0.9
0.9,0.9
0.9,1.0
1.0,1.5
1.5,3.8
3.8,2.1
2.1,1.3
1.3,23.4
23.4,46.0
46.0,24.9
24.9,12.2
12.2,5.3
5.3,3.6
3.6,2.4
2.4,2.0
2.0,1.8
1.8,1.5
1.5,1.3
1.3,1.8
1.8,1.1
1.1,1.4
1.4,10.6
10.6,12.3
12.3,5.8
5.8,6.0
6.0,4.4
4.4,2.6
2.6,10.8
10.8,28.8
28.8,15.7
15.7,6.6
6.6,4.3
4.3,3.5
3.5,4.7
4.7,3.6
3.6,3.3
3.3,43.2
43.2,86.0
86.0,9.8
9.8,6.0
6.0,4.3
4.3,19.4
19.4,9.3
9.3,4.8
4.8,3.2
3.2,3.0
3.0,2.7
2.7,2.4
2.4,265.3
265.3,78.1
78.1,17.3
17.3,10.1
10.1,5.9
5.9,4.3
4.3,3.6
3.6,3.4
3.4,3.2
3.2,3.0
3.0,4.3
4.3,8.6
8.6,4.5
4.5,3.6
3.6,4.8
4.8,4.1
4.1,3.1
3.1,2.3
2.3,1.8
1.8,1.7
1.7,1.6
1.6,1.5
1.5,1.3
1.3,1.8
1.8,1.3
1.3,1.2
1.2,1.2
1.2,1.1
1.1,1.1
1.1,1.0
1.0,1.0
1.0,1.0
1.0,1.0
1.0,1.0
1.0,1.2
1.2,1.0
1.0,0.9
0.9,2.7
2.7,1.8
1.8,4.6
4.6,5.4
5.4,2.7
2.7,1.7
1.7,1.3
1.3,1.2
1.2,1.1
1.1,1.0
1.0,0.9
0.9,1.0
1.0,0.9
0.9,0.8
0.8,0.7
0.7,0.8
0.8,1.1
1.1,0.9
0.9,0.8
0.8,6.9
6.9,4.2
4.2,1.5
1.5,1.1
1.1,1.0
1.0,0.9
0.9,0.8
0.8,0.8
0.8,0.7
0.7,2.1
2.1,2.0
2.0,1.0
1.0,1.1
1.1,1.0
1.0,0.8
0.8,0.7
0.7,0.7
0.7,1.0
1.0,0.7
0.7,0.6
0.6,0.6
0.6,0.6
0.6,0.6
0.6,0.6
0.6,0.6
0.6,0.7
0.7,0.9
0.9,0.9
0.9,0.7
0.7,1.0
1.0,1.8
1.8,1.0
1.0,1.0
1.0,0.9
0.9,1.0
1.0,0.9
0.9,2.1
2.1,14.3
14.3,3.5
3.5,1.7
1.7,1.4
1.4,1.2
1.2,1.3
1.3,2.9
2.9,2.1
2.1,11.2
11.2,20.8
20.8,21.7
21.7,9.5
9.5,3.6
3.6,16.3
16.3,2.7
2.7,3.2
3.2,58.9
58.9,4.1
4.1,2.3
2.3,5.6
5.6,15.1
15.1,3.7
3.7,2.8
2.8,2.4
2.4,32.1
32.1,21.0
21.0,4.1
4.1,2.6
2.6,2.3
2.3,2.0
2.0,1.8
1.8,1.7
1.7,1.7
1.7,2.4
2.4,2.3
2.3,2.1
2.1,1.8
1.8,1.6
1.6,1.5
1.5,1.6
1.6,1.7
1.7,1.3
1.3,1.3
1.3,1.3
1.3,1.3
1.3,1.2
1.2,1.1
1.1,1.1
1.1,1.1
1.1,1.7
1.7,2.9
2.9,10.1
10.1,2.9
2.9,1.3
1.3,1.5
1.5,1.3
1.3,1.1
1.1,1.0
1.0,1.2
1.2,1.2
1.2,3.6
3.6,5.4
5.4,2.6
2.6,1.6
1.6,3.9
3.9,5.9
5.9,2.1
2.1,1.2
1.2,5.0
5.0,2.6
2.6,1.3
1.3,1.3
1.3,1.3
1.3,13.6
13.6,2.8
2.8,1.4
1.4,1.1
1.1,1.2
1.2,1.1
1.1,1.0
1.0,0.9
0.9,0.9
0.9,0.9
0.9,0.8
0.8,0.8
0.8,0.8
0.8,0.8
0.8,0.7
0.7,0.7
0.7,1.4
1.4,0.8
0.8,0.7
0.7,0.7
0.7,0.6
0.6,0.6
0.6,0.5
0.5,0.6
0.6,0.5
0.5,0.5
0.5,0.4
0.4,0.4
0.4,0.4
0.4,0.4
0.4,0.4
0.4,1.9
1.9,0.9
0.9,0.6
0.6,0.5
0.5,0.5
0.5,0.5
0.5,0.5
0.5,0.4
0.4,0.5
0.5,0.6
0.6,0.5
0.5,0.6
0.6,2.9
2.9,8.7
8.7,4.6
4.6,1.4
1.4,0.7
0.7,0.6
0.6,0.5
0.5,0.5
0.5,0.5
0.5,0.5
0.5,0.5
0.5,0.5
0.5,0.5
0.5,0.5
0.5,0.6
0.6,0.6
0.6,0.6
0.6,0.8
0.8,0.4
0.4,0.7
0.7,0.8
0.8,0.5
0.5,0.4
0.4,0.4
0.4,0.5
0.5,0.4
0.4,0.6
0.6,0.7
0.7,0.6
0.6,0.4
0.4,0.3
0.3,0.3
0.3,0.6
0.6,1.3
1.3,3.7
3.7,1.5
1.5,0.9
0.9,0.8
0.8,1.5
1.5,1.3
1.3,0.6
0.6,0.6
0.6,0.5
0.5,0.4
0.4,0.4
0.4,0.4
0.4,0.4
0.4,0.5
0.5,0.4
0.4,0.5
0.5,0.5
0.5,0.4
0.4,0.4
0.4,0.4
0.4,0.7
0.7,1.4
1.4,2.4
2.4,0.9
0.9,0.5
0.5,0.4
0.4,5.5
5.5,15.4
15.4,10.4
10.4,21.4
21.4,12.5
12.5,4.1
4.1,1.8
1.8,1.4
1.4,1.1
1.1,1.0
1.0,0.9
0.9,0.8
0.8,0.6
0.6,0.6
0.6,0.5
0.5,0.5
0.5,0.5
0.5,0.5
0.5,0.4
0.4,0.4
0.4,0.4
0.4,0.3
0.3,0.3
0.3,0.3
0.3,0.4
0.4,0.4
0.4,0.8
0.8,1.2
1.2,2.4
2.4,1.1
1.1,0.7
0.7,0.5
0.5,0.5
0.5,0.4
0.4,0.4
0.4,0.4
0.4,0.4
0.4,0.4
0.4,0.4
0.4,0.7
0.7,1.2
1.2,1.7
1.7,1.0
1.0,0.8
0.8,0.6
0.6,0.5
0.5,0.4
0.4,0.4
0.4,0.4
0.4,0.3
0.3,0.4
0.4,0.4
0.4,0.4
0.4,0.4
0.4,0.4
0.4,0.3
0.3,0.3
0.3,0.4
0.4,0.5
0.5,0.5
0.5,0.4
0.4,0.4
0.4,0.3
0.3,0.3
0.3,0.3
0.3,0.3
0.3,0.3
0.3,0.3
0.3,0.3
0.3,0.3
0.3,0.2
0.2,0.2
0.2,0.2
0.2,0.2
0.2,0.3
0.3,0.3
0.3,0.5
0.5,0.5
0.5,0.5
0.5,0.5
0.5,0.6
0.6,1.2
1.2,1.1
1.1,0.7
0.7,0.6
0.6,0.6
0.6,0.5
0.5,0.5
0.5,0.4
0.4,0.3
0.3,0.6
0.6,0.5
0.5,0.5
0.5,5.0
5.0,15.5
15.5,17.4
17.4,28.9
28.9,225.8
225.8,77.8
77.8,58.3
58.3,20.7
20.7,7.1
7.1,4.3
4.3,2.5
2.5,2.4
2.4,3.0
3.0,3.8
3.8,2.7
2.7,1.6
1.6,1.3
1.3,2.9
2.9,5.2
5.2,2.5
2.5,7.6
7.6,8.7
8.7,3.2
3.2,1.8
1.8,1.4
1.4,1.5
1.5,1.3
1.3,1.1
1.1,1.0
1.0,6.4
6.4,55.0
55.0,12.4
12.4,4.4
4.4,4.2
4.2,3.9
3.9,3.0
3.0,2.6
2.6,2.2
2.2,2.0
2.0,1.7
1.7,1.6
1.6,1.7
1.7,1.6
1.6,1.6
1.6,1.7
1.7,1.6
1.6,1.5
1.5,1.6
1.6,1.5
1.5,1.4
1.4,1.3
1.3,1.3
1.3,1.2
1.2,1.1
1.1,1.1
1.1,1.1
1.1,1.2
1.2,1.1
1.1,1.1
1.1,1.2
1.2,1.3
1.3,1.2
1.2,1.1
1.1,1.1
1.1,1.3
1.3,1.2
1.2,1.1
1.1,1.0
1.0,1.6
1.6,1.4
1.4,1.2
1.2,1.1
1.1,1.0
1.0,0.9
0.9,1.5
1.5,1.4
1.4,1.6
1.6,1.7
1.7,1.2
1.2,1.1
1.1,1.0
1.0,1.0
1.0,1.0
1.0,0.9
0.9,1.0
1.0,1.1
1.1,1.5
1.5,1.9
1.9,1.1
1.1,0.9
0.9,0.9
0.9,0.8
0.8,2.8
2.8,1.2
1.2,1.0
1.0,0.9
0.9,0.8
0.8,0.7
0.7,0.8
0.8,0.7
0.7,0.7
0.7,0.6
0.6,0.7
0.7,0.8
0.8,0.6
0.6,0.6
0.6,0.7
0.7,5.5
5.5,1.7
1.7,1.3
1.3,1.7
1.7,1.0
1.0,0.8
0.8,1.5
1.5,0.8
0.8,0.7
0.7,0.7
0.7,0.6
0.6,0.6
0.6,0.6
0.6,0.6
0.6,0.6
0.6,0.6
0.6,0.6
0.6,0.6
0.6,0.7
0.7,2.0
2.0,0.7
0.7,0.6
0.6,0.6
0.6,0.6
0.6,0.7
0.7,1.2
1.2,1.0
1.0,0.6
0.6,0.6
0.6,0.6
0.6,0.6
0.6,0.5
0.5,0.5
0.5,0.8
0.8,0.6
0.6,0.5
0.5,0.8
0.8,2.0
2.0,1.1
1.1,1.2
1.2,0.7
0.7,4.4
4.4,1.3
1.3,0.8
0.8,0.7
0.7,0.6
0.6,3.5
3.5,1.2
1.2,0.7
0.7,0.7
0.7,1.0
1.0,1.5
1.5,1.9
1.9,2.0
2.0,1.2
1.2,0.9
0.9,0.7
0.7,1.0
1.0,0.7
0.7,1.2
1.2,0.9
0.9,0.8
0.8,0.7
0.7,0.6
0.6,0.6
0.6,0.5
0.5,0.7
0.7,4.2
4.2,8.3
8.3,1.5
1.5,0.8
0.8,0.7
0.7,0.7
0.7,1.6
1.6,0.9
0.9,0.7
0.7,2.1
2.1,0.9
0.9,0.7
0.7,0.6
0.6,0.5
0.5,0.5
0.5,0.6
0.6,2.1
2.1,0.8
0.8,0.6
0.6,0.5
0.5,0.4
0.4,0.7
0.7,2.3
2.3,1.2
1.2,1.5
1.5,0.8
0.8,0.6
0.6,0.4
0.4,0.4
0.4,0.4
0.4,0.5
0.5,0.5
0.5,0.5
0.5,0.4
0.4,0.5
0.5,3.8
3.8,3.5
3.5,1.4
1.4,1.0
1.0,1.2
1.2,1.0
1.0,0.8
0.8,0.7
0.7,0.6
0.6,0.6
0.6,0.5
0.5,0.5
0.5,0.5
0.5,0.4
0.4,0.4
0.4,0.5
0.5,0.5
0.5,0.7
0.7,0.6
0.6,2.6
2.6,1.6
1.6,1.0
1.0,0.9
0.9,1.2
1.2,2.0
2.0,2.6
2.6,1.4
1.4,1.3
1.3,1.3
1.3,1.2
1.2,1.0
1.0,0.8
0.8,0.7
0.7,0.7
0.7,0.6
0.6,0.7
0.7,0.7
0.7,0.8
0.8,1.0
1.0,0.9
0.9,0.9
0.9,0.9
0.9,0.9
0.9,1.6
1.6,1.7
1.7,7.8
7.8,8.9
8.9,2.2
2.2,1.0
1.0,0.7
0.7,0.5
0.5,0.4
0.4,0.5
0.5,2.3
2.3,1.1
1.1,0.8
0.8,1.1
1.1,0.8
0.8,3.5
3.5,11.0
11.0,5.1
5.1,3.6
3.6,2.1
2.1,2.1
2.1,1.7
1.7,1.4
1.4,1.3
1.3,1.4
1.4,2.7
2.7,7.7
7.7,2.0
2.0,1.3
1.3,4.2
4.2,7.4
7.4,1.9
1.9,30.1
30.1,18.2
18.2,3.3
3.3,1.9
1.9,1.5
1.5,1.2
1.2,1.1
1.1,1.2
1.2,2.0
2.0,1.8
1.8,4.1
4.1,2.9
2.9,1.4
1.4,5.0
5.0,15.8
15.8,4.5
4.5,7.8
7.8,5.1
5.1,3.0
3.0,1.9
1.9,1.5
1.5,1.2
1.2,1.1
1.1,2.0
2.0,11.5
11.5,5.2
5.2,38.1
38.1,18.4
18.4,5.7
5.7,3.2
3.2,2.5
2.5,2.0
2.0,1.8
1.8,113.2
113.2,98.5
98.5,42.1
42.1,659.4
659.4,83.6
83.6,22.6
22.6,15.9
15.9,9.8
9.8,6.7
6.7,5.4
5.4,4.7
4.7,3.9
3.9,3.4
3.4,3.5
3.5,2.8
2.8,2.4
2.4,25.3
25.3,16.3
16.3,11.8
11.8,14.1
14.1,5.4
5.4,4.0
4.0,3.1
3.1,3.3
3.3,23.4
23.4,23.2
23.2,11.3
11.3,7.4
7.4,7.5
7.5,11.8
11.8,12.5
12.5,10.9
10.9,35.3
35.3,14.1
14.1,7.0
7.0,5.0
5.0,3.8
3.8,3.5
3.5,3.2
3.2,2.8
2.8,2.6
2.6,2.4
2.4,2.3
2.3,2.3
2.3,2.3
2.3,2.5
2.5,2.1
2.1,2.1
2.1,2.0
2.0,1.7
1.7,1.6
1.6,1.6
1.6,1.6
1.6,1.4
1.4,1.4
1.4,1.4
1.4,1.4
1.4,1.8
1.8,1.4
1.4,1.2
1.2,1.2
1.2,1.2
1.2,1.3
1.3,1.3
1.3,1.1
1.1,1.2
1.2,1.3
1.3,1.9
1.9,1.2
1.2,1.4
1.4,2.1
2.1,53.6
53.6,22.1
22.1,10.9
10.9,4.7
4.7,3.5
3.5,4.1
4.1,2.4
2.4,2.1
2.1,1.7
1.7,1.6
1.6,1.5
1.5,1.4
1.4,1.6
1.6,1.8
1.8,1.6
1.6,1.4
1.4,1.5
1.5,5.4
5.4,2.9
2.9,2.1
2.1,2.0
2.0,2.1
2.1,1.8
1.8,1.6
1.6,1.6
1.6,1.6
1.6,1.3
1.3,1.3
1.3,1.2
1.2,1.2
1.2,3.7
3.7,2.4
2.4,1.5
1.5,1.4
1.4,1.3
1.3,1.3
1.3,1.4
1.4,1.2
1.2,1.1
1.1,1.3
1.3,1.1
1.1,1.0
1.0,1.5
1.5,2.7
2.7,1.4
1.4,1.2
1.2,1.1
1.1,1.4
1.4,1.2
1.2,1.3
1.3,1.2
1.2,1.1
1.1,1.1
1.1,1.0
1.0,1.0
1.0,1.1
1.1,0.8
0.8,0.7
0.7,0.7
0.7,1.0
1.0,1.4
1.4,1.4
1.4,24.1
24.1,4.1
4.1,1.5
1.5,2.3
2.3,1.5
1.5,1.3
1.3,2.4
2.4,6.3
6.3,1.7
1.7,1.4
1.4,102.0
102.0,186.8
186.8,20.5
20.5,4.6
4.6,3.2
3.2,2.4
2.4,2.2
2.2,4.5
4.5,1065.7
1065.7,780.9
780.9,19.3
19.3,6.4
6.4,3.7
3.7,2.9
2.9,2.5
2.5,2.3
2.3,2.3
2.3,2.5
2.5,6.5
6.5,4.4
4.4,28.1
28.1,4.9
4.9,2.7
2.7,2.1
2.1,2.0
2.0,2.0
2.0,1.8
1.8,1.7
1.7,1.7
1.7,1.6
1.6,1.8
1.8,1.8
1.8,1.5
1.5,1.4
1.4,1.3
1.3,1.3
1.3,1.5
1.5,1.5
1.5,1.2
1.2,1.2
1.2,1.2
1.2,1.1
1.1,1.1
1.1,1.1
1.1,2.2
2.2,1.1
1.1,1.0
1.0,1.0
1.0,1.2
1.2,1.8
1.8,1.6
1.6,1.0
1.0,0.9
0.9,1.1
1.1,1.2
1.2,1.1
1.1,0.9
0.9,0.7
0.7,0.8
0.8,0.7
0.7,0.9
0.9,0.8
0.8,0.7
0.7,0.6
0.6,0.6
0.6,0.6
0.6,0.5
0.5,1.1
1.1,0.5
0.5,0.4
0.4,0.5
0.5,0.4
0.4,0.5
0.5,0.4
0.4,0.5
0.5,0.8
0.8,0.6
0.6,0.4
0.4,0.5
0.5,0.4
0.4,0.4
0.4,0.4
0.4,0.3
0.3,0.5
0.5,0.4
0.4,0.5
0.5,0.4
0.4,0.3
0.3,0.3
0.3,0.3
0.3,0.3
0.3,0.3
0.3,0.4
0.4,0.5
0.5,0.4
0.4,0.4
0.4,0.6
0.6,0.4
0.4,0.4
0.4,4.1
4.1,1.1
1.1,0.5
0.5,0.5
0.5,1.3
1.3,0.9
0.9,0.7
0.7,0.6
0.6,0.6
0.6,1.0
1.0,0.7
0.7,0.3
0.3,0.4
0.4,0.3
0.3,0.4
0.4,0.8
0.8,0.4
0.4,0.4
0.4,0.3
0.3,0.5
0.5,0.8
0.8,0.8
0.8,0.6
0.6,0.6
0.6,3.9
3.9,36.2
36.2,16.7
16.7,1.3
1.3,0.7
0.7,0.7
0.7,0.7
0.7,0.4
0.4,0.5
0.5,0.5
0.5,0.5
0.5,0.5
0.5,0.4
0.4,0.4
0.4,0.3
0.3,0.5
0.5,0.5
0.5,0.5
0.5,0.4
0.4,0.5
0.5,0.5
0.5,0.3
0.3,0.2
0.2,0.4
0.4,0.2
0.2,0.1
0.1,0.2
0.2,0.2
0.2,0.2
0.2,0.2
0.2,0.2
0.2,0.5
0.5,0.5
0.5,0.3
0.3,0.4
0.4,0.4
0.4,0.5
0.5,0.4
0.4,0.3
0.3,0.3
0.3,0.2
0.2,0.2
0.2,0.2
0.2,0.3
0.3,0.4
0.4,0.3
0.3,0.5
0.5,0.4
0.4,0.3
0.3,0.3
0.3,0.3
0.3,0.3
0.3,0.4
0.4,0.3
0.3,0.2
0.2,0.2
0.2,0.2
0.2,0.2
0.2,0.2
0.2,0.2
0.2,0.3
0.3,0.3
0.3,0.3
0.3,0.2
0.2,0.3
0.3,0.2
0.2,0.2
0.2,0.2
0.2,0.2
0.2,0.8
0.8,1.0
1.0,64.3
64.3,33.3
33.3,4.5
4.5,1.2
1.2,1.1
1.1,2.0
2.0,23.1
23.1,7.1
7.1,1.9
1.9,1.0
1.0,0.8
0.8,0.5
0.5,0.4
0.4,0.3
0.3,0.3
0.3,0.3
0.3,0.4
0.4,0.5
0.5,25.8
25.8,63.2
63.2,7.4
7.4,69.2
69.2,11.5
11.5,3.0
3.0,1.9
1.9,1.8
1.8,1.4
1.4,1.4
1.4,1.4
1.4,1.3
1.3,1.3
1.3,0.9
0.9,0.8
0.8,1.0
1.0,5.4
5.4,3.9
3.9,5.7
5.7,16.7
16.7,3.3
3.3,2.2
2.2,2.1
2.1,5.1
5.1,88.0
88.0,8.6
8.6,3.5
3.5,4.3
4.3,8.7
8.7,2.4
2.4,1.6
1.6,1.1
1.1,1.0
1.0,1.2
1.2,0.8
0.8,0.7
0.7,0.8
0.8,1.1
1.1,1.2
1.2,0.9
0.9,0.8
0.8,0.7
0.7,0.6
0.6,0.5
0.5,0.6
0.6,0.6
0.6,0.5
0.5,0.5
0.5,0.4
0.4,0.5
0.5,0.7
0.7,15.4
15.4,60.2
60.2,6.8
6.8,3.1
3.1,2.2
2.2,1.7
1.7,1.5
1.5,1.4
1.4,1.3
1.3,1.2
1.2,1.1
1.1,1.1
1.1,2.6
2.6,3.9
3.9,1.7
1.7,1.1
1.1,1.0
1.0,1.1
1.1,1.3
1.3,2.0
2.0,4.8
4.8,3.1
3.1,2.5
2.5,4.3
4.3,8.0
8.0,2.8
2.8,2.8
2.8,6.9
6.9,141.4
141.4,94.8
94.8,13.1
13.1,10.9
10.9,18.2
18.2,46.4
46.4,174.3
174.3,27.3
27.3,12.2
12.2,6.7
6.7,4.3
4.3,3.3
3.3,2.8
2.8,2.8
2.8,2.6
2.6,2.0
2.0,1.7
1.7,1.6
1.6,1.6
1.6,2.1
2.1,1.7
1.7,1.5
1.5,1.2
1.2,1.0
1.0,1.2
1.2,1.2
1.2,1.2
1.2,1.0
1.0,0.9
0.9,0.9
0.9,1.3
1.3,1.0
1.0,0.7
0.7,0.6
0.6,0.6
0.6,0.6
0.6,0.6
0.6,0.7
0.7,0.7
0.7,0.7
0.7,0.7
0.7,0.7
0.7,0.6
0.6,0.6
0.6,0.6
0.6,0.6
0.6,0.6
0.6,0.7
0.7,1.6
1.6,1.3
1.3,1.7
1.7,4.7
4.7,1.4
1.4,0.8
0.8,0.7
0.7,0.8
0.8,1.1
1.1,0.8
0.8,0.6
0.6,0.5
0.5,0.8
0.8,1.4
1.4,1.7
1.7,1.6
1.6,0.8
0.8,0.7
0.7,0.6
0.6,0.6
0.6,0.7
0.7,0.8
0.8,0.8
0.8,5.5
5.5,136.9
136.9,224.3
224.3,9.0
9.0,3.6
3.6,8.9
8.9,5.9
5.9,1.8
1.8,1.9
1.9,1.7
1.7,1.2
1.2,1.0
1.0,0.9
0.9,0.9
0.9,0.8
0.8,0.7
0.7,0.7
0.7,0.8
0.8,0.7
0.7,0.7
0.7,0.6
0.6,0.6
0.6,0.7
0.7,1.2
1.2,0.8
0.8,0.6
0.6,0.6
0.6,1.5
1.5,0.9
0.9,0.7
0.7,0.6
0.6,0.7
0.7,0.7
0.7,0.7
0.7,0.6
0.6,0.6
0.6,0.6
0.6,0.6
0.6,0.7
0.7,0.8
0.8,0.7
0.7,0.7
0.7,0.6
0.6,0.6
0.6,0.6
0.6,0.5
0.5,0.4
0.4,0.4
0.4,0.4
0.4,0.5
0.5,0.5
0.5,0.3
0.3,0.4
0.4,11.1
11.1,24.1
24.1,2.1
2.1,0.8
0.8,0.6
0.6,0.7
0.7,0.6
0.6,0.8
0.8,0.6
0.6,0.7
0.7,0.8
0.8,0.5
0.5,0.6
0.6,0.4
0.4,0.5
0.5,0.4
0.4,0.4
0.4,2.8
2.8,5.6
5.6,2.3
2.3,1.1
1.1,0.9
0.9,0.6
0.6,0.6
0.6,0.5
0.5,0.5
0.5,3.5
3.5,4.8
4.8,1.0
1.0,0.9
0.9,0.7
0.7,1.6
1.6,1.0
1.0,0.8
0.8,0.8
0.8,0.6
0.6,0.6
0.6,0.6
0.6,0.8
0.8,0.8
0.8,1.5
1.5,0.8
0.8,0.5
0.5,0.7
0.7,0.7
0.7,0.8
0.8,3.5
3.5,0.7
0.7,0.7
0.7,0.6
0.6,0.5
0.5,0.4
0.4,0.5
0.5,0.5
0.5,0.5
0.5,0.4
0.4,0.4
0.4,0.4
0.4,0.6
0.6,37.7
37.7,9.9
9.9,1.9
1.9,0.9
0.9,0.7
0.7,0.7
0.7,0.6
0.6,0.5
0.5,0.8
0.8,0.4
0.4,0.5
0.5,0.4
0.4,0.4
0.4,0.4
0.4,0.3
0.3,0.5
0.5,0.6
0.6,0.6
0.6,0.7
0.7,3.0
3.0,1.3
1.3,3.6
3.6,2.3
2.3,4.2
4.2,2.2
2.2,1.0
1.0,3.1
3.1,2.7
2.7,1.5
1.5,1.1
1.1,6.7
6.7,10.2
10.2,5.0
5.0,2.0
2.0,1.1
1.1,0.8
0.8,0.7
0.7,0.6
0.6,0.6
0.6,0.8
0.8,1.1
1.1,0.8
0.8,0.5
0.5,0.4
0.4,0.4
0.4,0.4
0.4,0.4
0.4,0.5
0.5,0.5
0.5,0.5
0.5,0.4
0.4,0.3
0.3,0.3
0.3,0.3
0.3,2.3
2.3,5.3
5.3,6.3
6.3,15.4
15.4,3.5
3.5,1.7
1.7,1.1
1.1,1.3
1.3,1.0
1.0,0.8
0.8,0.7
0.7,0.8
0.8,0.7
0.7,0.6
0.6,0.8
0.8,0.6
0.6,0.6
0.6,0.5
0.5,0.5
0.5,0.5
0.5,0.6
0.6,0.5
0.5,0.5
0.5,0.5
0.5,0.5
0.5,0.5
0.5,0.6
0.6,42.2
42.2,18.7
18.7,2.3
2.3,1.3
1.3,0.9
0.9,0.8
0.8,0.7
0.7,0.6
0.6,1.5
1.5,1.7
1.7,3.3
3.3,6.6
6.6,2.1
2.1,1.3
1.3,1.3
1.3,19.6
19.6,102.8
102.8,61.6
61.6,8.0
8.0,3.4
3.4,2.6
2.6,2.0
2.0,2.3
2.3,1.9
1.9,2.6
2.6,2.5
2.5,5.3
5.3,8.3
8.3,2.5
2.5,1.7
1.7,1.4
1.4,1.2
1.2,1.0
1.0,0.9
0.9,0.9
0.9,0.8
0.8,1.4
1.4,1.8
1.8,1.1
1.1,0.9
0.9,0.9
0.9,1.2
1.2,2.4
2.4,2.3
2.3,1.4
1.4,1.0
1.0,1.0
1.0,0.9
0.9,0.8
0.8,0.8
0.8,0.8
0.8,0.8
0.8,0.7
0.7,0.7
0.7,0.7
0.7,0.6
0.6,0.7
0.7,0.6
0.6,0.6
0.6,0.6
0.6,20.5
20.5,20.2
20.2,3.1
3.1,13.5
13.5,9.2
9.2,72.1
72.1,93.4
93.4,335.8
335.8,20.2
20.2,9.5
9.5,6.4
6.4,4.4
4.4,3.4
3.4,138.0
138.0,34.9
34.9,8.3
8.3,3.6
3.6,32.1
32.1,15.8
15.8,8.4
8.4,6.7
6.7,7.5
7.5,6.5
6.5,5.3
5.3,21.7
21.7,9.5
9.5,8.6
8.6,23.8
23.8,21.8
21.8,26.0
26.0,13.7
13.7,10.1
10.1,19.4
19.4,65.1
65.1,20.3
20.3,12.4
12.4,6.0
6.0,6.2
6.2,20.9
20.9,14.1
14.1,6.9
6.9,4.2
4.2,6.5
6.5,50.7
50.7,23.2
23.2,11.0
11.0,6.8
6.8,5.3
5.3,4.3
4.3,3.3
3.3,3.3
3.3,3.7
3.7,3.2
3.2,3.0
3.0,2.5
2.5,2.2
2.2,2.0
2.0,1.8
1.8,1.7
1.7,2.4
2.4,1.8
1.8,1.7
1.7,1.4
1.4,1.3
1.3,1.2
1.2,1.3
1.3,1.2
1.2,1.2
1.2,1.1
1.1,1.1
1.1,1.1
1.1,1.0
1.0,1.0
1.0,1.0
1.0,0.9
0.9,0.9
0.9,0.8
0.8,0.7
0.7,0.6
0.6,0.7
0.7,0.7
0.7,0.7
0.7,1.5
1.5,0.9
0.9,0.7
0.7,0.6
0.6,0.6
0.6,0.6
0.6,0.7
0.7,0.6
0.6,0.6
0.6,0.6
0.6,0.7
0.7,0.7
0.7,0.8
0.8,0.8
0.8,0.7
0.7,0.6
0.6,0.6
0.6,0.5
0.5,0.5
0.5,0.6
0.6,0.6
0.6,0.6
0.6,3.2
3.2,6.3
6.3,1.3
1.3,0.6
0.6,0.5
0.5,0.6
0.6,0.6
0.6,0.6
0.6,0.6
0.6,0.6
0.6,0.6
0.6,0.6
0.6,1.0
1.0,0.7
0.7,0.7
0.7,0.5
0.5,0.4
0.4,0.4
0.4,0.5
0.5,0.5
0.5,0.4
0.4,0.4
0.4,0.4
0.4,0.5
0.5,2.5
2.5,6.3
6.3,2.2
2.2,4.0
4.0,3.8
3.8,1.7
1.7,6.9
6.9,15.7
15.7,7.0
7.0,2.4
2.4,5.6
5.6,145.4
145.4,10.4
10.4,4.8
4.8,3.1
3.1,2.3
2.3,2.1
2.1,1.6
1.6,1.4
1.4,1.3
1.3,1.2
1.2,1.2
1.2,1.1
1.1,1.4
1.4,2.8
2.8,1.4
1.4,1.0
1.0,0.9
0.9,1.1
1.1,1.0
1.0,0.9
0.9,0.8
0.8,1.2
1.2,0.9
0.9,0.8
0.8,1.0
1.0,0.8
0.8,0.8
0.8,0.7
0.7,0.6
0.6,0.5
0.5,0.6
0.6,0.8
0.8,0.9
0.9,0.6
0.6,0.6
0.6,0.7
0.7,0.7
0.7,0.6
0.6,0.5
0.5,0.4
0.4,0.5
0.5,0.9
0.9,0.7
0.7,0.4
0.4,0.5
0.5,0.3
0.3,0.4
0.4,0.4
0.4,0.6
0.6,1.3
1.3,0.8
0.8,0.6
0.6,0.4
0.4,0.4
0.4,0.4
0.4,0.4
0.4,0.3
0.3,0.4
0.4,0.3
0.3,0.4
0.4,0.7
0.7,1.0
1.0,0.7
0.7,0.6
0.6,0.6
0.6,0.5
0.5,0.6
0.6,0.5
0.5,0.7
0.7,0.7
0.7,0.5
0.5,0.5
0.5,0.5
0.5,0.4
0.4,0.5
0.5,1.0
1.0,5.6
5.6,34.6
34.6,1.9
1.9,0.7
0.7,0.5
0.5,0.4
0.4,0.3
0.3,0.3
0.3,0.3
0.3,0.3
0.3,0.3
0.3,0.3
0.3,0.3
0.3,0.3
0.3,0.3
0.3,0.4
0.4,0.4
0.4,0.3
0.3,0.4
0.4,0.4
0.4,0.3
0.3,0.3
0.3,0.4
0.4,0.3
0.3,0.4
0.4,0.4
0.4,0.9
0.9,0.7
0.7,0.8
0.8,0.3
0.3,0.2
0.2,0.3
0.3,0.3
0.3,0.3
0.3,0.3
0.3,0.2
0.2,0.2
0.2,0.5
0.5,0.8
0.8,0.5
0.5,0.4
0.4,0.5
0.5,0.4
0.4,0.3
0.3,0.2
0.2,1.0
1.0,1.9
1.9,0.7
0.7,0.5
0.5,0.3
0.3,0.2
0.2,0.2
0.2,0.2
0.2,0.2
0.2,0.2
0.2,0.4
0.4,0.3
0.3,0.3
0.3,0.3
0.3,0.3
0.3,0.8
0.8,2.2
2.2,1.9
1.9,1.2
1.2,1.7
1.7,1.1
1.1,0.7
0.7,0.6
0.6,0.5
0.5,0.4
0.4,0.4
0.4,0.3
0.3,0.3
0.3,0.3
0.3,0.3
0.3,0.3
0.3,0.3
0.3,0.3
0.3,0.3
0.3,0.3
0.3,0.3
0.3,0.3
0.3,0.3
0.3,0.3
0.3,0.3
0.3,0.3
0.3,0.3
0.3,0.3
0.3,0.3
0.3,0.3
0.3,0.3
0.3,0.3
0.3,0.4
0.4,0.3
0.3,0.3
0.3,0.2
0.2,0.2
0.2,0.2
0.2,0.2
0.2,0.2
0.2,0.2
0.2,0.2
0.2,0.3
0.3,0.2
0.2,0.3
0.3,0.2
0.2,0.2
0.2,0.2
0.2,0.2
0.2,0.2
0.2,0.2
0.2,0.2
0.2,0.2
0.2,0.2
0.2,0.4
0.4,5.0
5.0,12.9
12.9,6.5
6.5,1.7
1.7,0.9
0.9,0.7
0.7,0.7
0.7,0.5
0.5,0.4
0.4,0.4
0.4,0.3
0.3,0.3
0.3,0.3
0.3,0.3
0.3,0.3
0.3,0.3
0.3,0.3
0.3,0.3
0.3,0.3
0.3,0.2
0.2,0.3
0.3,0.3
0.3,0.3
0.3,0.3
0.3,0.3
0.3,0.3
0.3,0.3
0.3,0.3
0.3,0.4
0.4,0.4
0.4,1.9
1.9,2.9
2.9,1.4
1.4,0.8
0.8,0.6
0.6,0.4
0.4,0.4
0.4,27.4
27.4,130.2
130.2,24.4
24.4,5.6
5.6,3.9
3.9,58.0
58.0,256.7
256.7,43.6
43.6,20.2
20.2,14.6
14.6,6.6
6.6,2.7
2.7,1.2
1.2,0.8
0.8,0.7
0.7,0.9
0.9,0.8
0.8,0.8
0.8,1.1
1.1,4.8
4.8,6.5
6.5,6.1
6.1,3.7
3.7,2.9
2.9,2.2
2.2,1.6
1.6,1.9
1.9,2.4
2.4,2.4
2.4,2.1
2.1,1.3
1.3,1.0
1.0,1.0
1.0,0.9
0.9,1.0
1.0,2.1
2.1,1.4
1.4,1.0
1.0,0.9
0.9,0.8
0.8,0.8
0.8,0.9
0.9,4.4
4.4,9.2
9.2,11.3
11.3,3.3
3.3,2.5
2.5,1.7
1.7,1.2
1.2,1.0
1.0,0.8
0.8,0.6
0.6,0.5
0.5,0.5
0.5,0.4
0.4,0.4
0.4,0.4
0.4,0.6
0.6,0.9
0.9,0.7
0.7,0.7
0.7,0.8
0.8,0.8
0.8,0.7
0.7,0.7
0.7,0.6
0.6,0.7
0.7,1.0
1.0,0.9
0.9,0.8
0.8,0.7
0.7,0.9
0.9,0.9
0.9,0.9
0.9,0.9
0.9,0.7
0.7,0.8
0.8,0.8
0.8,0.7
0.7,0.7
0.7,0.7
0.7,0.8
0.8,0.8
0.8,0.7
0.7,0.6
0.6,0.6
0.6,0.6
0.6,0.5
0.5,0.5
0.5,0.5
0.5,0.5
0.5,0.5
0.5,0.6
0.6,13.4
13.4,3.4
3.4,1.2
1.2,1.0
1.0,1.0
1.0,3.1
3.1,1.8
1.8,0.9
0.9,0.5
0.5,2.4
2.4,25.1
25.1,48.6
48.6,26.9
26.9,6.7
6.7,6.0
6.0,3.6
3.6,4.4
4.4,3.9
3.9,2.5
2.5,1.6
1.6,1.7
1.7,1.3
1.3,1.1
1.1,1.0
1.0,1.1
1.1,1.6
1.6,1.4
1.4,1.3
1.3,1.1
1.1,1.1
1.1,1.1
1.1,1.2
1.2,1.2
1.2,1.1
1.1,11.9
11.9,174.6
174.6,18.5
18.5,32.7
32.7,63.7
63.7,349.9
349.9,61.5
61.5,13.0
13.0,4.5
4.5,3.2
3.2,2.7
2.7,2.3
2.3,2.1
2.1,1.9
1.9,1.8
1.8,1.7
1.7,5.9
5.9,2.9
2.9,2.0
2.0,8.5
8.5,34.1
34.1,17.9
17.9,3.5
3.5,2.3
2.3,66.6
66.6,100.2
100.2,5.6
5.6,9.1
9.1,8.6
8.6,5.0
5.0,38.1
38.1,3.6
3.6,25.4
25.4,93.1
93.1,192.1
192.1,41.4
41.4,16.3
16.3,14.1
14.1,155.5
155.5,76.5
76.5,8.4
8.4,35.5
35.5,6.4
6.4,4.7
4.7,3.9
3.9,3.4
3.4,3.0
3.0,2.6
2.6,2.5
2.5,2.4
2.4,2.2
2.2,2.0
2.0,1.9
1.9,2.2
2.2,2.0
2.0,1.8
1.8,1.7
1.7,3.9
3.9,2.8
2.8,2.4
2.4,11.5
11.5,5.2
5.2,2.7
2.7,2.4
2.4,6.4
6.4,2.5
2.5,1.7
1.7,1.8
1.8,1.5
1.5,1.4
1.4,1.4
1.4,1.5
1.5,1.4
1.4,1.8
1.8,1.3
1.3,1.6
1.6,1.2
1.2,1.2
1.2,1.7
1.7,11.9
11.9,7.9
7.9,2.4
2.4,1.9
1.9,2.3
2.3,9.1
9.1,4.1
4.1,3.0
3.0,4.4
4.4,2.3
2.3,1.8
1.8,1.6
1.6,1.5
1.5,1.5
1.5,1.5
1.5,1.2
1.2,1.1
1.1,1.5
1.5,1.1
1.1,1.4
1.4,1.0
1.0,0.9
0.9,0.8
0.8,0.9
0.9,1.2
1.2,1.6
1.6,1.0
1.0,1.0
1.0,0.9
0.9,0.9
0.9,0.8
0.8,0.8
0.8,0.8
0.8,1.0
1.0,0.9
0.9,1.2
1.2,1.0
1.0,0.8
0.8,0.8
0.8,0.6
0.6,0.8
0.8,0.7
0.7,0.6
0.6,1.0
1.0,0.9
0.9,0.6
0.6,0.6
0.6,0.6
0.6,0.5
0.5,0.5
0.5,0.6
0.6,0.7
0.7,0.7
0.7,0.7
0.7,0.7
0.7,0.5
0.5,0.5
0.5,0.6
0.6,0.5
0.5,3.3
3.3,2.1
2.1,0.8
0.8,0.5
0.5,0.4
0.4,0.4
0.4,0.4
0.4,0.3
0.3,0.4
0.4,0.4
0.4,0.4
0.4,0.4
0.4,0.8
0.8,0.4
0.4,5.8
5.8,8.3
8.3,2.8
2.8,1.2
1.2,0.8
0.8,0.6
0.6,0.5
0.5,0.5
0.5,0.4
0.4,0.4
0.4,0.4
0.4,0.4
0.4,0.4
0.4,0.4
0.4,0.3
0.3,0.4
0.4,0.4
0.4,0.4
0.4,0.3
0.3,0.3
0.3,0.3
0.3,0.4
0.4,0.3
0.3,0.3
0.3,0.4
0.4,0.3
0.3,0.4
0.4,4.6
4.6,52.8
52.8,6.3
6.3,1.8
1.8,2.6
2.6,1.8
1.8,1.1
1.1,0.8
0.8,1.1
1.1,0.7
0.7,0.6
0.6,0.6
0.6,1.1
1.1,6.0
6.0,2.3
2.3,1.7
1.7,2.4
2.4,1.3
1.3,1.1
1.1,1.0
1.0,1.0
1.0,0.7
0.7,0.6
0.6,2.0
2.0,2.1
2.1,1.1
1.1,0.9
0.9,3.0
3.0,210.3
210.3,28.2
28.2,11.0
11.0,4.5
4.5,3.0
3.0,13.0
13.0,256.3
256.3,66.5
66.5,18.3
18.3,7.1
7.1,4.5
4.5,3.6
3.6,2.9
2.9,2.5
2.5,2.2
2.2,2.1
2.1,1.6
1.6,1.4
1.4,1.4
1.4,1.3
1.3,2.3
2.3,1.9
1.9,1.7
1.7,1.5
1.5,2.1
2.1,4.5
4.5,3.2
3.2,2.3
2.3,1.8
1.8,2.8
2.8,1.4
1.4,1.4
1.4,9.2
9.2,4.1
4.1,2.4
2.4,12.2
12.2,7.8
7.8,8.3
8.3,19.0
19.0,42.9
42.9,87.6
87.6,11.9
11.9,8.9
8.9,7.5
7.5,5.8
5.8,4.4
4.4,3.0
3.0,3.6
3.6,2.5
2.5,7.7
7.7,166.5
166.5,30.1
30.1,20.0
20.0,16.6
16.6,46.9
46.9,22.4
22.4,21.9
21.9,11.1
11.1,7.6
7.6,6.0
6.0,5.1
5.1,4.2
4.2,3.4
3.4,3.0
3.0,3.7
3.7,1.4
1.4,0.2
0.2,0.2
0.2,0.2
0.2,0.2
0.2,0.2
0.2,0.2
0.2,0.2
0.2,0.2
0.2,0.2
0.2,0.2
0.2,0.2
0.2,0.3
0.3,0.2
0.2,0.2
0.2,0.2
0.2,0.2
0.2,0.2
0.2,0.2
0.2,0.2
0.2,0.2
0.2,0.2
0.2,0.2
0.2,0.1
0.1,0.1
0.1,0.1
0.1,0.2
0.2,0.2
0.2,0.2
0.2,0.2
0.2,0.2
0.2,0.1
0.1,0.2
0.2,0.3
0.3,0.4
0.4,0.8
0.8,0.9
0.9,0.7
0.7,0.5
0.5,0.3
0.3,0.3
0.3,0.3
0.3,0.3
0.3,0.2
0.2,0.2
0.2,0.2
0.2,0.2
0.2,0.2
0.2,0.2
0.2,0.2
0.2,0.2
0.2,0.2
0.2,0.2
0.2,0.2
0.2,0.3
0.3,0.2
0.2,0.2
0.2,0.2
0.2,0.2
0.2,0.2
0.2,0.2
0.2,0.1
0.1,0.1
0.1,0.1
0.1,0.1
0.1,0.1
0.1,0.1
0.1,0.2
0.2,0.3
0.3,0.4
0.4,0.5
0.5,0.6
0.6,0.7
0.7,0.8
0.8,0.9
0.9,0.8
0.8,0.8
0.8,3.7
3.7,4.8
4.8,1.1
1.1,0.8
0.8,0.8
0.8,0.8
0.8,0.7
0.7,0.8
0.8,0.9
0.9,0.7
0.7,0.7
0.7,0.7
0.7,0.7
0.7,0.7
0.7,1.1
1.1,2.1
2.1,0.8
0.8,0.7
0.7,0.7
0.7,0.7
0.7,0.7
0.7,0.7
0.7,0.7
0.7,0.7
0.7,0.7
0.7,0.7
0.7,0.6
0.6,0.6
0.6,0.6
0.6,0.6
0.6,0.5
0.5,0.6
0.6,0.6
0.6,0.6
0.6,0.6
0.6,0.6
0.6,0.9
0.9,0.7
0.7,0.8
0.8,3.2
3.2,0.9
0.9,0.4
0.4,1.4
1.4,1.1
1.1,0.6
0.6,0.6
0.6,0.7
0.7,0.3
0.3,0.6
0.6,0.8
0.8,0.6
0.6,0.6
0.6,0.5
0.5,0.7
0.7,0.4
0.4,0.6
0.6,1.5
1.5,0.9
0.9,0.5
0.5,0.4
0.4,0.5
0.5,0.4
0.4,0.4
0.4,0.6
0.6,0.4
0.4,0.3
0.3,0.3
0.3,0.5
0.5,0.8
0.8,0.6
0.6,3.1
3.1,5.7
5.7,0.9
0.9,0.7
0.7,0.7
0.7,0.6
0.6,0.6
0.6,0.6
0.6,1.2
1.2,0.7
0.7,0.6
0.6,0.5
0.5,0.5
0.5,0.5
0.5,0.4
0.4,0.4
0.4,0.4
0.4,0.4
0.4,0.5
0.5,0.4
0.4,0.5
0.5,6.8
6.8,2.4
2.4,1.1
1.1,0.5
0.5,0.7
0.7,0.3
0.3,0.5
0.5,0.5
0.5,52.8
52.8,3.7
3.7,1.0
1.0,0.7
0.7,0.8
0.8,0.4
0.4,0.4
0.4,0.4
0.4,0.3
0.3,0.6
