Actual Train ,Predicted Train
0.7,0.826511905
0.6,0.886451166
0.7,0.803110551
2,1.679971429
0.7,0.733021471
0.3,0.578104437
0.6,0.609467643
0.9,0.842128571
3,3.83
0.7,0.695790019
2.3,0.866175653
224.3,164.068
3.2,3.128066667
0.5,0.639354638
0.9,0.978233333
0.8,20.02777966
0.9,0.7542
2.7,4.99
2.9,0.780142864
1.1,0.693953785
3,1.794338095
2.2,1.8372
1.3,3.084615152
1.8,1.224710245
8.3,9.872
14.4,20.242
31.4,23.156
1.6,1.465495238
0.3,0.317796245
0.7,0.757216667
1,2.1117
0.8,0.902384127
0.4,0.297247619
1.3,1.601479365
0.4,0.309461885
1.3,1.528823016
1.8,0.836703097
5.6,6.734
0.5,0.836703097
0.4,0.709843894
1.3,1.198298764
0.4,0.519757484
1,1.603036219
0.7,0.575357448
0.6,0.839866667
6.3,4.141778061
4,4.614
0.4,0.707278174
0.6,0.726623066
4.9,25.406
0.8,1.386680952
1,0.977027778
0.8,0.835816388
2.7,4.86
0.3,1.164218839
0.6,0.568249062
1.7,2.484900794
0.9,1.220627815
46.1,47.478
1,0.808181818
14.6,9.642733333
1.2,1.112916667
0.3,0.253587781
1.4,12.144
1,1.140589971
0.8,0.575357448
0.7,0.971227675
0.5,0.513581177
2.3,2.892
5.8,1.164218839
1.7,2.033938889
0.7,1.267652189
0.7,0.766620318
0.6,1.323938961
102.8,76.758
0.5,0.578104437
0.7,0.867733333
0.5,0.382581036
2.4,2.826333333
2.5,2.1364
1.4,2.336
7.5,6.598
0.6,1.852865806
0.2,0.225742603
0.4,1.06379045
0.4,0.639354638
0.3,0.491299963
4,1.28076039
0.9,1.084
0.1,0.1
0.4,1.28076039
1.5,1.252734715
1.1,1.06975404
1.4,3.87
28.4,18.196
2.1,1.690647619
13.5,10.1698
0.9,0.971227675
0.2,0.295340292
0.6,0.624
0.2,0.225742603
0.8,0.683086221
0.8,1.220627815
0.9,1.060846032
1.8,1.522233333
10.6,3.988038095
0.8,1.121390682
1.7,13.826
1.7,2.484900794
0.1,0.127250794
0.8,0.862627223
0.5,2.389243442
0.4,1.121390682
2,28.422
2,3.352
4.4,7.712
19.6,8.852104762
780.9,495.104
1.2,2.6804
0.3,0.639354638
0.3,0.338248146
0.7,0.726280952
5.4,9.294
6.6,6.206
1,0.940819123
11.3,12.084
0.8,0.826695238
0.8,27.05321905
0.2,0.2
11.5,3.533688889
0.4,0.575357448
0.5,2.850181178
3.5,21.068
1.4,3.743788889
1.7,1.726
0.3,0.264850577
1.2,1.16600873
0.4,0.491299963
1,1.116157937
0.2,0.2
1,0.979376984
0.5,0.533023088
0.6,0.523560763
0.6,0.852100794
2.9,2.4804
10.4,3.986821717
0.7,0.767399695
0.7,0.696311572
0.8,1.220627815
1,0.824162269
0.9,0.935994156
0.6,1.98418884
0.3,1.198298764
15.6,7.754866667
33.3,86.886
0.6,0.886451166
2.6,20.346
0.8,6.286417528
91.4,9.912889266
0.7,0.814304236
0.8,11.67153802
1.3,1.371092108
1.2,0.956422872
1.3,1.210845055
0.8,0.767399695
1.3,1.079493651
0.8,0.824162269
0.8,1.327259524
1.8,6.788
2.4,8.668
11.2,4.497228571
1.4,1.335052381
0.6,0.766620318
0.8,5.202032168
2.9,2.832
3.9,2.606133333
1,1.302652381
3.3,7.616
1.9,0.971227675
0.7,1.603036219
0.2,0.415594985
1.4,2.966
1.4,1.32679127
1,1.242019336
0.4,0.513581177
1.6,1.552760134
0.8,1.11685873
0.6,0.645861711
0.1,0.225742603
82,91.09
0.3,0.312231363
0.8,0.73123456
3.3,3.186
1.5,1.569
2.8,3.254
0.2,0.225742603
0.9,0.89647619
4.6,35.25741667
13.7,44.196
7.7,7.0342
578.9,365.732
1.1,1.61487619
0.8,1.121401166
0.6,0.803110551
1.6,2.729
0.2,0.202
0.2,0.202
0.8,6.286417528
1,0.964456566
1.5,1.28076039
2.1,3.13
4.1,4.102
1.4,0.999012698
6.3,6.301433333
0.9,5.202032168
0.6,0.971227675
1.2,0.824
6.7,8.642
1.2,3.001435714
6.1,5.3
2.5,2.766
48,27.05321905
0.2,0.225742603
1.1,0.916938963
0.6,0.826511905
232.9,146.854
0.7,0.637480316
3.7,11.93
3,3.0203
1.1,2.152666667
0.4,0.558581682
0.2,0.264850577
0.6,1.195566999
0.6,0.7542
1.8,1.801380952
1.3,1.031714286
0.3,0.309461885
1,0.979376984
4,3.984
1,1.027461805
0.1,0.100333333
0.7,0.707278174
0.6,0.726623066
1.2,1.01965
2.9,2.674566667
1.2,1.252734715
0.7,0.809711482
20.5,20.792
1.2,3.986821717
1.1,1.762485714
1.3,1.260670591
0.5,9.912889266
1.4,1.794338095
0.2,0.291647827
1.5,0.836703097
0.3,0.309461885
11.8,14.744
0.8,0.951052847
1,0.929921356
0.9,0.940819123
10.6,25.948
0.5,2.850181178
1.6,1.622411905
1.1,1.121401166
0.3,0.639354638
1,0.683086221
0.6,0.780142864
0.8,0.766620318
0.9,1.08362381
30.6,34.88
141.4,77.366
0.2,0.2
4.2,4.538
4.5,15.85
5.9,7.134
1.3,1.224710245
0.6,0.866175653
0.6,1.098921429
0.9,1.010512698
0.9,20.02777966
1.1,1.155279895
55.6,73.442
0.5,0.780142864
1.2,1.199961399
6.4,20.876
1.2,1.395287302
0.5,0.523560763
6.4,10.364
5.4,2.641783333
0.4,1.386680952
30.9,19.9716
0.5,0.707278174
0.6,0.578104437
1,1.027461805
2,2.1488
15.6,12.384
0.6,2.477917331
0.6,0.866175653
1.9,2.08
0.4,0.639354638
0.5,2.477917331
0.6,0.582
0.9,0.908468604
1.5,1.5025
3.5,4.632
0.6,0.784124198
1.7,1.460666811
0.7,1.048363469
20.5,1.852865806
0.4,0.606539164
0.7,1.036126984
1.1,0.795605027
1.9,1.174209524
1.1,1.446783561
1.1,1.121401166
5.8,7.584
1.3,1.123333333
0.9,1.211297619
0.4,0.778201881
1,0.971227675
1.9,2.133466667
3,1.195566999
349.9,282.108
3,2.98
0.5,0.566054185
0.7,0.784124198
8.3,9.395
12.2,10.43166667
1.1,1.260670591
0.8,1.060846032
3.6,3.522
0.7,0.714876971
1.5,1.155279895
1.1,1.051973737
1,1.246247619
1.7,1.643363059
1.3,1.7668
0.1,0.12078658
0.6,0.780142864
0.8,1.460666811
0.6,1.198298764
0.6,2.850181178
1,0.929921356
7.5,10.208
0.9,2.612145238
0.4,1.403104143
0.4,0.578104437
1.1,0.966298767
1.3,1.335052381
45.4,29.50066667
0.8,0.835816388
8.6,9.178
0.1,0.291647827
11.9,20.784
1.9,531.7988
1.6,1.59
1.6,1.022818254
1.5,1.3048171
0.3,0.365543235
1.8,2.7896
0.7,0.971227675
15.2,9.757
98.4,70.918
343.1,192.788
1,0.716431466
1.7,1.934949206
10.9,11.526
1.8,7.173
1.1,2.10527381
1.5,2.231083333
0.5,0.430033204
0.6,0.824162269
2.6,4.186
0.5,0.415594985
1.1,1.313185714
7,8.316
0.6,1.160333333
8,14.584
0.6,0.780142864
0.7,0.866175653
13.2,13.944
1.4,1.350066667
1,0.430033204
0.3,0.428670889
0.8,0.714876971
28.8,22.23
21.8,33.438
3.2,3.732066667
0.4,0.368462315
1.3,1.319594444
5.9,2.484900794
1.4,1.843083333
0.3,0.415594985
15.8,12.56933333
3.3,8.484
0.8,0.951002811
2.4,2.6405
3.5,6.046
0.9,0.726280952
27.4,11.61920317
0.4,0.430033204
4.5,10.908
3.9,4.132
4.7,45.324
0.4,1.403104143
2.5,2.595333333
0.7,0.866175653
0.6,0.726280952
0.4,0.566054185
0.7,0.809711482
1.7,1.417727778
2.1,2.738066667
0.5,2.389243442
0.3,0.225742603
17.3,34.246
1.9,4.403571429
1.1,1.14622381
0.6,0.497130499
0.7,1.440923954
0.6,0.586
1.2,5.846233333
0.8,1.940861905
4.1,6.554
0.9,0.966298767
0.7,0.733021471
58.3,46.094
0.2,0.239255067
0.7,0.809711482
0.8,0.966298767
0.9,0.803110551
1.5,5.202032168
1.5,3.988038095
84.3,107.544
2.9,19.134
0.7,0.645861711
2.2,2.55
1.7,18.80116667
7,0.814304236
1.3,1.643363059
1.4,0.902384127
0.5,2.850181178
0.6,0.926905195
53.3,51.966
1.8,1.659666667
1,1.323938961
160.9,139.674
3.1,5.986
1.4,1.060846032
0.5,0.922541734
2,2.718
0.5,0.726623066
1.2,0.989911328
4.1,4.76
3.5,3.6176
0.3,0.382581036
0.3,0.639354638
0.6,0.780142864
5.6,9.840730159
8.9,11.84226667
5.4,12.286
3.1,3.256522222
0.3,0.430033204
1.1,1.911497619
4.7,5.192
1.5,1.634
0.7,0.716431466
3.2,22.71583333
0.9,0.835816388
18.3,22
0.3,0.309461885
0.5,0.428670889
18.8,59.998
4,7.782
14.3,18.404
0.6,0.519757484
1.1,1.164911905
1.4,1.3386
0.9,1.220627815
0.7,19.90629048
7.5,2.995133333
1.7,1.670716667
0.3,0.513581177
2.1,5.248
0.8,1.150766667
34.6,24.52
0.8,0.760981843
0.9,0.6647
1.2,1.299107937
1.8,1.685
12.4,14.96
1.9,3.9172
0.9,0.964987879
2.3,2.324
0.4,1.06379045
1.4,1.469666667
1.2,1.198
1.9,4.935278571
1.2,20.02777966
0.3,0.428670889
5.9,10.452
3.2,9.968
2.4,3.462
1.8,5.202032168
0.4,0.513581177
6,9.21
0.3,0.338248146
0.6,1.98418884
0.2,0.294443468
0.2,0.291647827
0.7,0.809711482
1.4,1.4794
1.8,2.362
15.5,13.714
0.2,0.2
0.5,0.48685974
1.6,3.988038095
1,1.911497619
1.2,1.1445
11.1,12.872
1.1,1.280414286
14.1,12.34
1.3,1.335052381
1,0.760981843
3.3,3.732066667
0.8,1.220627815
4.1,3.608666667
26,24.148
1.6,3.743788889
1.2,1.198298764
0.2,0.2
4.6,4.608
3.4,4.446
0.4,0.479705411
30.1,36.754
1.5,1.351166522
1.2,1.479833333
0.3,12.02979793
5.9,12.536
1.1,1.150460141
1.6,0.824162269
0.7,0.693953785
1.1,1.2542
1.5,10.62550476
1,2.196109152
1.8,1.371092108
0.3,2.218
0.6,0.609467643
13.1,20.32
8.3,12.606
0.5,0.479705411
2.4,2.528933333
0.7,0.760981843
1.4,1.3668
2.3,2.158847619
1.1,1.046382179
38.1,18.04563333
5.6,1.603036219
0.8,0.533023088
38.1,28.44533333
3,2.515
52.8,23.56346667
0.7,0.745521681
4.5,3.126966667
20.2,64.996
5.6,8.704
4.9,9.3
3.7,7.373533333
1.9,7.639333333
2.5,2.854666667
1.5,1.027461805
1.7,1.528823016
0.5,0.814304236
4.2,4.7168
2.7,1.61487619
1.7,1.790296748
0.2,0.231666667
1.5,1.371092108
10.6,12.402
4.5,5.688
1.2,1.472804762
0.9,0.935994156
0.3,0.256961616
3.2,5.269
1.2,1.198
1.6,1.733166667
1,1.046382179
0.9,1.159268631
0.9,0.835816388
3.8,4.212
6.2,6.828
2.7,3.692
0.7,0.766620318
2.1,2.004926984
1.3,3.922666667
0.5,0.814304236
0.2,0.239255067
0.8,0.956422872
1,0.983983117
1.4,1.060846032
0.1,0.18688925
0.5,0.338248146
12.1,6.432
0.4,2.045533333
0.5,0.430033204
0.7,0.696
0.7,6.286417528
0.7,0.852100794
0.2,0.317796245
0.2,0.12078658
4,4.076
1.1,3.084615152
1.6,2.202666667
0.8,4.00262619
0.6,0.784124198
1.4,1.452
10.1,8.330066667
0.1,0.1
0.8,20.02777966
3.9,1.940861905
4.2,1.121390682
1.5,1.237519048
1.3,2.14
2.3,2.27
0.7,0.780142864
0.7,1.194652381
1.4,1.237519048
0.2,0.18688925
0.3,0.309461885
0.8,0.9145
28.9,25.334
0.3,0.309461885
0.5,0.707278174
0.6,0.749385426
2,2.064666667
0.7,3.368033333
1.1,1.048363469
1.2,1.008347619
3.9,2.708333333
0.4,0.606539164
3.4,3.605
0.2,0.2034
0.7,0.835816388
0.2,12.02979793
2.7,2.67
0.5,1.446783561
0.7,0.784124198
3.1,1.284863095
1.1,1.3048171
0.4,0.497130499
1.4,1.409316484
0.5,0.519757484
3.7,6.122
0.6,0.491299963
0.6,0.609467643
1.9,1.735012698
1.4,1.2863
1.1,1.105966667
2.3,5.338552381
2.4,1.756380952
4.5,14.21
2.8,2.6664
4.4,10.14933333
0.8,0.533023088
0.8,4.497228571
1.2,0.695790019
3.7,4.8
2.4,2.6804
1.1,1.479790476
0.5,0.368462315
12.4,13.576
2.1,2.165333333
2.5,2.5128
0.9,0.840052381
1.7,1.121401166
0.7,1.048363469
1.2,1.116157937
1.3,3.084615152
0.5,9.912889266
0.3,0.709843894
3.5,3.382966667
1,1.1445
3.5,3.147166667
0.2,0.253587781
3.2,3.784
1.3,3.086236835
1.7,2.930261905
1.4,0.866175653
0.8,0.575357448
0.2,0.2
0.3,0.369847619
0.8,0.824162269
0.1,0.133565079
2.3,1.980642857
1.4,1.469680159
1.7,2.410514286
0.8,0.716431466
2.4,4.074
0.6,0.696311572
1.7,1.622411905
0.7,0.868663163
0.6,0.803110551
1.5,0.951052847
0.9,1.116157937
0.4,0.709843894
16.3,11.84226667
3.2,3.726
0.4,0.519757484
0.7,5.202032168
1.2,0.784180198
0.2,0.239255067
1.5,1.06975404
0.7,0.862627223
2.9,5.2225
5.1,8.808
0.7,0.733021471
1.2,1.4465
2.4,1.092573413
0.7,0.714876971
1,0.714876971
5.7,47.738
1.1,1.825054953
0.5,1.198298764
0.5,0.533023088
1.4,1.540833333
4.5,5.198
1.8,1.918
0.5,0.824162269
1.3,1.112916667
1.9,10.53959524
1,0.989911328
0.8,1.164218839
0.2,0.294443468
0.8,0.8529
0.9,1.044083422
0.7,0.784180198
1,1.601479365
0.7,5.692904762
2.1,1.763366667
2,4.849
0.6,0.780142864
1.2,1.351166522
0.5,0.578104437
0.8,0.772961833
0.7,0.922541734
5.9,5.6588
1,3.3489
0.7,0.886451166
1,0.778201881
1.8,2.160571429
1,1.11685873
1.5,1.260670591
0.8,0.802301082
2,2.153333333
4.1,18.396
1.4,1.606142857
0.5,0.575357448
0.9,0.917866667
5.2,7.228
0.9,0.917866667
0.5,2.389243442
1.2,1.568880952
1,0.995680952
0.3,1.164218839
0.9,0.989911328
5.3,7.494
4.1,4.518
1.5,1.945657143
2.4,2.7
3,2.989
0.5,1.150460141
0.7,1.048363469
0.6,0.824162269
157,92.888
1.2,8.852104762
2.7,2.051333333
1.2,1.628
16.6,14.918
10.1,14.034
5,2.135519841
0.6,2.477917331
0.5,0.808181818
0.4,1.323938961
1.4,0.578104437
0.7,0.824162269
0.3,0.415594985
2.5,2.272
1.5,0.578104437
21.7,23.92
0.3,0.256961616
0.4,12.02979793
2.5,4.657714286
14.1,13.186
0.7,0.795605027
0.9,0.951052847
4.8,7.576
0.1,0.100666667
0.6,20.02777966
6.7,20.086
9.5,6.65952381
1.7,12.312
1.2,1.097511111
1.2,1.155279895
4.2,13.075
1,0.696311572
2.4,2.484900794
9.2,3.743788889
0.2,0.2
1.7,2.479
1.2,1.899920635
2.2,10.53959524
1.5,0.886451166
0.2,0.2
0.4,0.471090265
0.8,0.916938963
4.8,13.682
1.1,1.284863095
34.1,26.574
0.8,0.929921356
0.9,27.888
1,1.01965
0.9,0.826695238
0.5,0.606539164
1.2,1.10062619
0.4,0.295340292
0.8,0.826511905
0.7,0.824162269
0.5,0.683086221
1,1.266333333
0.6,0.780142864
0.4,2.389243442
0.9,1.143824242
4.2,18.126
1.1,1.16600873
0.8,1.596779471
0.5,2.477917331
9.1,16.072
1.6,1.67
0.3,0.639354638
0.5,0.709843894
0.8,0.714876971
0.8,0.745521681
0.4,0.578104437
2.2,2.24
1.7,2.448
0.7,1.403104143
0.2,0.253587781
3.3,2.234495238
8.7,6.79
0.4,1.164218839
0.6,1.596779471
3.6,3.852
1.5,1.460666811
0.8,0.9145
0.9,0.835816388
0.7,0.951052847
2.2,2.0795
145.4,100.136
0.8,1.159268631
2,2.8157
12.4,13.304
1.4,6.657857143
0.6,1.198298764
0.7,0.902384127
0.3,0.368462315
18.2,21.522
1.4,21.336
2.1,2.357284127
5.2,63.09933333
235.2,170.638
0.5,0.780142864
1,2.057378571
0.6,5.202032168
1.5,1.609666667
4.5,10.32
0.6,1.98418884
1.3,1.14622381
18.7,128.276
0.5,0.868663163
6.7,5.788307143
1.7,1.580183333
1,0.766620318
19.8,80.17
0.3,0.533023088
0.5,0.784124198
0.5,2.389243442
0.5,2.477917331
1.2,1.144788889
0.8,0.809711482
0.3,0.239255067
0.4,0.575357448
0.7,0.922541734
0.7,2.477917331
0.4,9.912889266
0.6,2.192305162
0.8,1.048363469
0.4,9.912889266
0.2,0.215320413
0.4,0.497130499
1.2,1.164271429
2.3,2.446
2.3,2.21957381
0.1,0.104333333
2.3,12.782
0.6,0.696311572
2,0.926905195
1.7,2.234495238
0.8,1.98418884
1.4,1.32679127
2.1,2.389333333
1,1.195566999
0.5,0.444659837
4.4,7.611
0.5,0.497130499
0.4,0.382581036
25.3,12.782
0.3,0.338248146
5.1,8.94
0.7,0.637480316
0.3,0.317796245
3.6,4.32
0.5,0.497130499
0.6,0.683086221
0.6,1.852865806
0.5,0.926905195
1.4,1.3048171
28.2,31.794
23.8,1.98418884
3.5,0.922541734
0.9,0.987085714
0.3,0.415594985
0.9,1.327916212
0.5,0.780142864
1,0.9735
24.4,30.842
0.4,0.444659837
0.7,0.809711482
1.6,1.552760134
3.8,4.538
0.6,2.477917331
0.4,2.389243442
0.8,1.194652381
1.5,1.446783561
1.6,0.491299963
1.5,1.611871429
0.3,1.06379045
0.7,0.824162269
0.6,0.780142864
0.6,0.809711482
1.3,1.224710245
3.2,1.267652189
1.7,9.000883333
3,2.784
12.2,19.742
2.1,1.899920635
1.6,1.611871429
1.1,1.0605
1.6,2.314385714
0.5,0.695790019
1.3,1.335052381
0.2,0.295340292
0.4,1.267652189
6.2,7.504
8.4,34.81
14.3,4.447109524
0.9,1.073278571
5.3,5.785664286
2.7,7.19
0.7,0.7381
1.6,1.895201587
4,4.274933333
0.5,0.533023088
0.7,0.795605027
0.7,1.596779471
0.6,0.479705411
2.6,1.199961399
0.1,0.12078658
2.1,1.327916212
1.4,1.580183333
25.4,16.65
51.7,35.924
3.8,7.86
0.6,1.852865806
1.2,1.246247619
0.4,0.253587781
3.1,2.612145238
0.4,0.639354638
1,1.150460141
0.7,1.790296748
8.6,16.726
0.9,0.977027778
2.5,7.502
0.4,0.491299963
0.4,0.814304236
1.2,0.826511905
0.4,0.523560763
0.4,0.519757484
1,0.956422872
25.1,9.840730159
0.6,0.430033204
0.8,1.06379045
0.4,1.06379045
1.8,2.114333333
0.2,0.2034
0.4,0.533023088
9.2,43.018
0.3,0.309461885
1.6,1.636933333
2.8,7.958
0.9,0.513581177
1,0.940819123
9.2,13.356
1.1,2.357284127
0.9,0.940819123
0.9,1.159268631
0.3,0.312231363
0.7,1.048363469
3.1,1.327916212
2.6,1.371092108
0.5,0.523560763
1.2,0.935994156
8.9,9.62
0.9,4.00262619
2.9,0.908468604
4.2,8.5216
3.7,5.256
0.5,0.295340292
0.5,0.726623066
0.2,0.133565079
3.9,5.872
1.5,1.351166522
66.6,45.9386381
0.8,0.767399695
1.2,1.825054953
0.8,0.824162269
1.3,1.553133333
0.5,0.558581682
1.1,1.140589971
0.8,1.100447619
0.4,9.912889266
0.5,0.645861711
1.6,1.160333333
0.8,0.714876971
0.9,0.977027778
1.5,2.234495238
15.3,11.79
0.3,0.317796245
0.1,0.1
2,2.564290476
174.6,97.288
1.3,1.537666667
100.2,80.648
1.7,1.327259524
2,2.004926984
0.6,1.98418884
0.8,0.882797619
1.6,3.001435714
3.3,3.578
2.3,4.141778061
0.4,0.225742603
1.2,1.446783561
0.7,0.714876971
0.9,10.37885945
0.8,0.916938963
0.5,0.497130499
0.9,0.842128571
0.2,0.174423593
1.5,1.552760134
0.7,1.284863095
1.1,4.116
2.1,1.45672381
1.6,2.36
6.3,3.3489
6.3,25.14476667
0.4,0.523560763
0.8,0.291647827
4.9,1.386680952
1.3,3.084615152
9.9,11.464
0.1,0.133565079
37.7,2.477917331
0.2,2.389243442
0.5,2.389243442
0.2,0.295340292
1.4,1.659666667
2,3.134
4.7,14.281
32.7,25.766
0.4,0.709843894
2.4,7.8
1.8,2.755
1,1.044083422
76.7,49.884
0.6,0.523560763
16.3,145.238
0.4,20.02777966
0.2,0.294443468
0.2,0.365543235
0.8,0.89647619
0.6,2.477917331
0.4,1.164218839
0.6,0.824162269
1,3.086236835
2.2,2.17
2.5,3.8166
11.5,8.112166667
0.2,0.294443468
0.4,1.06379045
20,17.624
1.3,1.2863
102,19.90629048
1,1.284863095
0.4,0.446384971
0.6,0.73123456
5,5.562
0.2,0.291647827
2.9,8.139
1.1,1.166423665
2.4,6.657857143
3.5,3.7365
0.1,0.343833333
0.3,2.995133333
1.4,1.116157937
0.9,1.123333333
5.7,27.66
1.8,15.914
1.5,3.001435714
0.3,0.309461885
6.8,8.304
0.3,1.06379045
1.3,1.159268631
0.9,0.802301082
0.7,5.202032168
0.5,0.523560763
1.1,7.306
0.4,0.253587781
3.7,1.220627815
15.9,14.166
0.2,0.2
1.8,2.54
1,1.143824242
28.9,35.218
0.2,0.18688925
2,2.004926984
0.2,0.491299963
1.4,1.68
0.6,0.836703097
4.7,10.172
2.6,17.062
0.8,1.0576
0.4,1.195566999
1.1,1.891390476
1.2,0.726623066
0.4,1.06379045
0.8,0.809711482
67.8,5.202032168
3.2,3.191666667
0.6,0.609467643
0.5,0.784124198
0.2,0.240749206
2,2.018
20.2,23.044
46.9,39.004
0.7,0.645861711
1.3,1.657333333
0.6,0.606539164
1.9,1.479790476
4.3,5.85
6.3,7.372
0.5,0.519757484
0.8,0.978233333
0.2,0.338248146
0.4,0.430033204
6.8,8.386
1.1,1.328485714
1.7,1.940966667
0.3,0.428670889
1.5,1.363652381
2,1.96
0.6,0.8040946
2.2,2.039333333
0.2,0.2
0.4,0.766620318
5.7,7.724
0.6,1.220627815
2.1,1.596779471
1.4,1.40497619
0.4,0.351082973
0.8,5.692904762
2.1,2.22725
0.6,0.780142864
6.8,43.46
13.5,15.819
0.3,0.430033204
0.2,12.02979793
2,1.363652381
1.9,2.039866667
1.1,1.811516667
0.6,0.908468604
10.1,35.296
0.5,0.6647
1.6,1.59
0.7,1.596779471
0.8,1.28076039
1.8,1.962666667
2.1,2.166
0.5,0.709843894
13,9.050333333
7.8,6.906
1.1,1.0338
0.4,0.312
0.6,0.696311572
0.1,0.174423593
3.2,1.198298764
3,28.342
1.1,1.280414286
0.5,2.389243442
1.1,1.121401166
1.2,1.32679127
0.3,0.295340292
2.5,14.028
0.5,0.707278174
1.8,1.537666667
5.9,7.726
0.4,0.606539164
6.4,5.338552381
5.9,7.639333333
1.1,1.14622381
61.6,80.8
0.2,0.291647827
1.3,1.100447619
24.1,72.824
0.4,1.06379045
2,2.288
0.5,1.852865806
0.6,0.609467643
7.6,47.76853333
0.8,0.575357448
12.1,10.706
1.3,1.395287302
5.2,4.714
1.1,5.202032168
0.5,0.497130499
0.8,1.220627815
0.6,1.98418884
177,20.02777966
255.2,199.164
5.2,3.713966667
1.2,1.790296748
1.1,1.014542157
1.3,1.408090476
183.7,12.02979793
3.7,1.446783561
0.6,0.814304236
12,17.094
0.9,1.159268631
0.2,0.2
0.8,0.840052381
1.4,8.852104762
1.3,1.299107937
0.6,0.908468604
1.2,1.229
0.7,5.202032168
7.4,4.341666667
1.2,7.558133333
2.3,12.02979793
2.6,1.198298764
2.1,2.282
6.1,7.918
0.8,1.596779471
1.7,2.357284127
0.6,0.908468604
4.8,10.704
0.8,1.403295238
1.4,1.211297619
2.1,2.7
2,2.0772
0.3,0.309461885
0.7,1.596779471
1.2,1.073278571
0.5,0.814304236
1.8,1.845666667
2.4,3.36
1.3,2.084
64.3,10.37885945
1,1.058119048
0.1,0.129087302
0.6,0.784180198
2.1,1.889320635
3.2,3.682
0.3,0.430033204
0.5,0.533023088
0.9,0.523560763
0.8,1.159268631
0.4,0.519757484
0.6,0.780142864
5,7.504
107.2,81.142
0.7,1.852865806
7.9,20.396
0.5,0.606539164
2,1.989905672
0.2,0.253587781
0.5,0.868663163
0.9,0.757216667
1.5,1.143824242
0.9,1.945657143
1,1.494466667
0.8,0.795605027
0.5,0.707278174
1.8,1.895201587
1.2,1.756380952
0.8,0.784124198
3.3,4.648
0.4,0.918666667
0.3,0.291647827
2.1,2.057378571
0.7,0.784124198
0.3,0.368462315
0.3,0.312231363
2.3,5.338552381
0.4,0.575357448
1.6,1.4794
0.6,0.733021471
0.6,12.02979793
0.9,1.027461805
1.2,1.529464286
0.8,0.866175653
0.2,0.2
0.6,0.606539164
1.4,1.2542
0.3,0.639354638
6,9.346
2.9,3.294
0.7,0.839797996
0.2,0.824
1.8,1.374004618
1.2,1.098921429
1.1,1.199961399
0.5,0.519757484
0.8,0.497130499
0.7,0.814304236
1.2,0.951052847
0.4,0.471090265
0.7,0.795605027
0.7,1.195566999
0.4,0.523560763
4.8,8.14
0.4,0.382581036
1.5,1.150460141
1.5,1.371092108
0.3,0.309461885
1.4,1.609666667
0.8,1.28076039
23.4,8.5216
2.1,2.16645
1,1.155279895
2.3,2.159933333
1.6,1.7989
2.6,2.548
23.2,23.738
2.8,2.976
0.4,0.707278174
0.6,0.609467643
2.1,1.887733333
0.4,0.382581036
0.8,2.850181178
0.8,1.121390682
2.4,2.9525
0.8,0.983983117
0.3,0.578104437
2.1,2.188
0.3,0.382581036
1.1,0.637480316
2.6,2.7454
0.5,0.533023088
0.9,3.706666667
0.5,1.98418884
2.2,3.713966667
0.6,0.809711482
0.2,0.207619048
0.3,0.338248146
0.5,1.195566999
2.3,1.403295238
3.7,4.5564
1.4,1.299107937
0.7,1.198298764
0.4,0.430033204
1.4,1.155279895
1.8,1.92
14,53.288
17.4,17.23
8.5,10.72
0.8,1.990590476
2.1,16.068
3.3,1.762485714
0.2,0.215320413
3.8,3.54525
0.6,0.696311572
1,0.745521681
0.7,3.094
0.4,0.491299963
1.6,0.824162269
0.6,0.382581036
0.4,1.98418884
10.5,10.088
9,27.93
1.5,1.460666811
1.9,4.882
2.7,9.5348
18.8,110.354
12.5,11.594
1.9,1.568880952
0.3,0.382581036
0.9,1.174209524
8.3,14.068
1.6,2.389243442
1.8,2.004926984
5.3,5.616
0.8,2.192305162
0.7,0.824162269
4.4,4.412
0.6,2.389243442
0.8,0.971227675
8.5,3.368033333
0.7,0.852100794
0.4,1.198298764
2.3,5.029833333
0.4,0.523560763
0.6,2.477917331
1.4,2.641783333
2.5,2.648
21.9,19.13
5.5,1.048363469
0.6,1.0338
0.7,0.767399695
1.1,1.790296748
83.6,97.174
0.5,1.794338095
11.2,9.386
0.3,0.240749206
4.1,0.709843894
0.8,5.202032168
0.7,0.868663163
1.8,1.676
1.3,1.489452381
0.3,1.06379045
0.2,0.365543235
49.8,47.884
0.7,0.606539164
0.4,0.606539164
0.9,0.802301082
14.1,16.588
0.5,0.780142864
0.7,3.58
0.4,0.444659837
0.5,1.092573413
1,0.946544444
4.4,4.04
0.8,1.008347619
0.4,0.716431466
1.9,2.0795
1.8,3.324
0.9,0.835816388
0.2,0.174423593
1.9,4.447109524
0.3,0.338248146
0.6,0.714876971
2.4,1.989905672
2,5.2225
0.4,0.430033204
1.9,1.945657143
1.2,19.90629048
0.5,0.709843894
0.8,0.760981843
0.9,0.805
0.9,2.389243442
0.8,0.749385426
1.3,1.386680952
0.6,2.850181178
0.7,0.809711482
4.6,8.774
0.4,0.309461885
1.1,1.14622381
0.5,0.778201881
20.4,11.648
0.9,1.040115079
0.5,9.912889266
1.6,1.601479365
1.1,1.11
0.7,1.048363469
1.5,1.421666667
0.3,0.338248146
0.8,0.922541734
0.1,0.1
0.7,0.6656
0.5,0.716431466
3.9,7.33
0.9,0.951002811
4.5,7.83
0.3,0.351082973
6.5,7.956666667
2.4,3.598666667
0.7,0.693953785
6.5,5.029833333
0.9,1.159268631
0.6,1.852865806
2.5,4.256
0.3,0.428670889
1.4,1.8832
6.7,6.736
2.1,2.5115
1.8,1.472804762
10,33.648
0.5,0.568249062
0.5,0.733021471
0.7,0.694
4.3,13.68333333
1.3,2.135519841
2,1.989905672
0.3,0.639354638
2.9,3.369333333
0.6,0.814304236
0.7,1.040115079
0.2,0.177428571
11.7,11.14
2.6,2.7095
5,10.0838
0.6,1.198298764
1.5,0.971227675
0.6,0.814304236
2.8,2.1608
2.5,2.389
0.6,0.733021471
3.1,3.128066667
0.6,0.637480316
1,1.06975404
122.4,86.3
2.4,2.560666667
0.9,1.220627815
4.8,4.8512
0.4,0.46485974
0.7,0.533023088
248.3,171.446
0.8,0.842128571
0.7,1.852865806
1.7,2.0095
1.4,0.803110551
0.7,0.688
0.8,1.159268631
0.2,0.225742603
16.7,31.236
0.5,2.389243442
0.4,0.836703097
1.2,1.260670591
2.7,4.218
1.9,0.513581177
1,1.03129874
2.8,2.183366667
0.2,0.291647827
1.2,1.280243651
1.4,1.371092108
7.6,7.536
0.5,1.852865806
0.4,1.06379045
1.4,1.121390682
1.5,1.580183333
0.5,0.695790019
2.4,2.526180952
0.4,0.558581682
0.7,0.637480316
0.9,1.603036219
1.7,1.790296748
0.9,0.989911328
1.8,1.656166667
0.8,0.794
2.1,1.643363059
8,7.97
0.3,0.338248146
0.6,9.912889266
7.3,8.152
0.3,0.430033204
0.9,0.8511
3.1,3.612
0.7,1.363652381
0.5,0.497130499
0.7,1.905401285
0.7,0.802301082
2.1,2.094
0.5,0.430033204
11.9,4.00262619
2.4,2.39
20.2,54.198
0.5,0.707278174
0.8,0.780142864
0.6,0.784180198
0.9,0.916938963
2.1,2.477917331
2.3,3.533688889
1,1.790296748
0.4,0.312231363
1,1.45672381
0.4,0.471090265
0.7,1.596779471
1.3,1.413266667
2.4,3.49
0.8,0.803110551
0.5,0.606539164
14.6,14.188
0.7,0.745521681
1.3,1.425542857
1,1.143824242
3.2,3.120666667
1.1,1.224710245
1.4,1.3668
1.7,4.14
0.6,1.934949206
4.1,37.904
0.1,0.12078658
0.7,0.749385426
0.9,1.159268631
0.6,2.8424
5.6,4.428
0.5,1.079493651
0.8,0.709843894
3.4,3.921666667
0.7,0.696311572
0.5,0.745521681
2,2.054
88,62.622
1.5,1.374004618
1.7,2.410514286
0.6,0.726623066
3.2,3.136
1.3,3.533688889
2.1,0.809711482
1.6,2.441
2.3,2.326
0.4,0.707278174
5.1,5.0656
19.3,64.744
0.6,1.98418884
1.3,1.167666667
1.5,0.983983117
0.6,0.645861711
1.4,1.08362381
0.8,1.220627815
73.1,11.67153802
1.2,1.150766667
1.9,1.905
7.1,10.12
0.6,2.477917331
2.1,2.3035
0.5,0.523560763
18.4,19.232
2.6,2.989333333
1,1.079493651
265.3,197.038
1,1.069690476
0.3,0.430033204
1,0.835816388
4.6,0.639354638
0.5,0.415594985
0.7,0.757216667
0.8,1.048363469
5.4,5.444
8.3,12.864
38.1,26.488
3.9,2.755
0.9,2.4849
1.3,1.795666667
0.8,1.465495238
10.9,23.516
3.8,5.338552381
14.1,14.19
0.6,1.121390682
1.4,1.265235714
1.3,1.421666667
8.8,4.141778061
0.4,1.164218839
1.2,0.951002811
3,3.428
2.6,2.1878
2.1,1.889320635
1.2,1.679971429
0.6,0.609467643
1,1.603036219
0.5,0.558581682
1.5,1.164911905
1.1,1.150460141
7,10.25
0.4,0.446384971
0.3,0.312231363
19,12.798
1.2,1.2863
0.3,0.317796245
1.6,1.8372
0.4,0.309461885
1.3,1.322
0.3,2.389243442
0.4,0.382581036
0.8,0.637480316
0.7,2.477917331
1.9,1.494466667
5.3,4.782
0.7,0.73123456
1.5,1.327259524
90.7,80.656
0.4,0.365543235
3.8,3.554
0.6,1.267652189
69.2,37.98133333
1.2,1.263333333
1.6,1.811533333
0.6,0.824162269
0.5,2.477917331
6.1,1.198298764
53.6,36.98346667
1.2,1.027461805
2.3,2.27
1.8,1.739700794
0.2,0.291647827
1.8,1.676157143
7.7,3.001435714
0.5,0.836703097
0.7,0.922541734
0.7,11.67153802
0.6,1.267652189
0.3,0.309461885
0.3,0.886451166
0.8,1.022818254
0.3,1.121390682
3.5,2.964666667
1.1,1.522233333
1,1.044083422
1.4,3.086236835
0.6,0.519757484
2.3,2.117333333
0.4,0.471090265
0.6,0.733021471
1.5,7.842
0.2,0.18688925
0.6,2.389243442
0.4,1.06379045
0.5,1.242019336
2.2,5.289333333
1.7,1.600952381
46.2,27.6334
6.5,6.3034
0.7,0.803110551
0.6,0.780142864
2.4,3.042166667
0.6,2.389243442
0.6,0.696311572
1.2,1.676157143
0.2,0.225742603
4.6,12.414
1.5,14.63
3.7,3.382966667
0.4,1.06379045
63.2,41.014
1.1,0.922541734
1.2,1.823225397
7.8,6.2748
3.3,6.612
1.2,1.1445
9.6,10.818
9.6,6.905333333
1.6,1.525
1.4,1.825054953
5,4.892
0.6,0.716431466
1,0.868663163
0.8,1.08362381
0.5,0.974
2.5,2.806
4.3,1.195566999
1.4,1.246247619
1.7,1.8428
0.4,0.368462315
3.2,2.7454
76.5,86.688
4.4,4.78
1.5,1.732
0.9,1.1589
0.3,0.309461885
0.6,0.780142864
0.4,0.578104437
4.4,3.342666667
0.8,0.767399695
0.7,2.192305162
0.6,0.866175653
3.3,3.646
4.4,1.990590476
0.7,2.850181178
0.3,0.317796245
1.8,1.552760134
0.2,0.225742603
1.9,1.522382323
1.3,1.42772684
1,1.03129874
2,1.440923954
0.5,0.479705411
1.1,1.079493651
112.9,107.356
1.2,0.852100794
0.5,0.606539164
1,0.862627223
0.7,0.645861711
2.2,1.140589971
0.5,0.696311572
9.8,11.52
1.1,1.242019336
0.5,0.523560763
0.5,0.9456
0.9,1.596779471
1.4,2.033938889
0.7,0.523560763
0.4,0.428670889
2.8,6.286417528
1.6,1.611871429
3.1,7.974
7.4,8.572
1.1,0.558581682
1.1,1.06975404
2.8,2.84
11.5,7.373533333
0.6,0.676434921
0.8,0.922541734
0.7,0.916938963
0.2,0.215320413
1,1.143824242
3.6,2.901433333
0.8,11.67153802
0.8,0.784124198
1,0.929921356
1.3,1.522382323
1.6,1.528823016
0.8,0.338248146
6.5,29.438
0.8,0.966298767
2.3,2.090466667
1.6,1.84
2.6,11.61920317
1.4,0.966298767
0.9,0.966298767
0.5,1.852865806
129.8,83.466
2,4.310933333
186.8,165.766
2.9,2.033938889
0.8,0.916938963
0.5,0.695790019
0.6,0.606539164
4.5,19.198
0.9,0.922541734
0.9,0.8529
0.9,0.951002811
0.4,1.403104143
0.4,0.430033204
0.5,0.519757484
1.1,1.242019336
1.1,1.568880952
87.6,84.308
0.2,0.295340292
0.3,0.312231363
3.3,10.192
0.9,20.02777966
0.7,0.645861711
0.9,2.192305162
2.1,12.6364
2.3,2.4746
0.6,0.990666667
0.5,0.575357448
1.9,1.790666667
0.6,0.568666667
0.5,0.497130499
0.3,0.312231363
2.4,2.539166667
93.4,76.346
2.4,1.899920635
0.9,1.164911905
0.9,5.606
0.7,1.7994
2,0.824162269
2,1.220627815
0.2,0.239255067
42.9,39.852
0.8,2.135519841
0.2,0.932866667
0.8,0.922541734
1.5,1.098921429
0.6,0.604314286
1,1.825054953
3.6,13.452
61.5,68.948
18.9,18.134
1.1,9.594
0.5,0.444659837
24.1,26.694
25,19.408
0.7,0.676
0.3,0.312231363
1.5,0.415594985
0.8,0.867733333
0.3,0.778201881
11,31.596
0.5,0.780142864
0.7,0.749385426
14.8,27.892
0.8,1.267652189
1.2,0.951002811
1.2,1.934949206
1.6,1.460666811
1,1.037233333
0.9,0.935994156
0.6,1.596779471
1.1,2.635347619
19.1,18.114
1.1,0.916938963
7.7,4.103833333
0.3,0.415594985
0.5,2.850181178
1.4,1.144321429
6.7,2.4849
1.4,2.705333333
0.6,1.327916212
0.8,3.086236835
7,7.044
30.1,10.62550476
0.2,0.2
2,2.107
0.8,1.327916212
0.4,0.415594985
0.5,0.835816388
1.4,1.475162698
1.4,1.417727778
3.7,16.402
10.4,10.302
0.5,0.513581177
0.6,1.048363469
36.2,35.076
0.4,0.471090265
0.6,0.707278174
0.3,12.02979793
1.5,1.643363059
46,34.956
0.8,0.868663163
1,1.622411905
0.5,0.716431466
1.2,1.302652381
2.5,2.462
100.9,59.204
120.7,97.932
0.4,0.709843894
3.5,3.4465
0.5,0.578104437
1.1,1.322
0.5,0.645861711
0.9,0.940819123
0.2,0.415594985
8.4,8.42
1.1,1.242019336
3.5,3.369
0.5,0.733021471
0.9,1.112916667
12.2,30.142
0.6,0.784124198
1,1.022818254
0.5,0.497130499
1.5,2.525
23.1,24.044
3,6.422
0.9,1.1589
0.3,0.317796245
0.5,1.905401285
0.5,0.778201881
0.9,0.916938963
0.7,0.733021471
3.8,2.635347619
1.1,2.476
1.1,2.484900794
0.9,1.237519048
3.1,4.8424
0.6,0.683086221
2.5,3.932380952
1,1.036126984
0.8,17.132
1.8,3.086236835
1.8,4.296
0.2,0.291647827
0.6,0.784180198
0.6,0.637480316
0.6,0.824162269
1.1,1.413266667
0.6,0.6371
1.5,1.417727778
0.7,1.596779471
1,0.999012698
0.5,0.780142864
0.3,0.338248146
0.8,0.971227675
0.4,0.479705411
0.5,0.9216
0.4,0.523560763
1.5,1.144788889
7.2,8.348
0.5,0.533023088
0.5,1.06379045
8.7,7.97
1.4,1.374004618
1.1,3.988038095
2,2.090466667
4.5,13.56666667
0.8,1.062495238
0.5,0.497130499
0.5,0.471090265
5,14.262
2.8,7.818
1.1,1.164271429
0.5,0.693953785
2.5,2.451
0.8,0.922541734
1.2,1.265235714
0.8,0.935994156
1.9,20.94
1.1,1.403104143
2.5,2.479
3.3,3.132
0.9,1.235166667
3.1,10.37885945
0.3,0.491299963
9.9,19.498
1.4,2.708333333
0.7,0.8040946
1.6,1.42772684
0.6,2.850181178
19.4,15.018
0.2,0.709843894
1.8,2.039866667
0.6,1.98418884
0.9,1.06975404
0.6,0.693953785
1.1,1.16600873
2.1,2.3895
0.5,0.497130499
3.7,1.934949206
1,0.956422872
0.9,0.868663163
4.1,4.23
0.9,0.964456566
3.7,14.116
0.8,6.286417528
47.6,39.254
1.1,0.766620318
0.7,1.08067619
9.5,57.908
4.8,1.159268631
2.9,3.328
0.9,1.036126984
2,1.96
1.4,1.351166522
0.2,0.264850577
1.8,2.546
16.3,22.442
1.8,1.395287302
0.6,0.824162269
0.4,0.295340292
0.7,0.809711482
0.7,0.908468604
2.5,2.21957381
1,0.835816388
1.2,1.408090476
0.9,1.155279895
3.9,11.504
0.3,0.295714286
225.8,133.126
0.6,0.824162269
1.8,4.447109524
0.3,0.368462315
4,9.735242857
1.9,1.313185714
0.3,0.415594985
3.1,3.092
1.6,0.784180198
32.4,25.004
2.5,2.606133333
0.4,1.98418884
0.4,1.198298764
0.9,1.040115079
2.9,1.553133333
2.3,2.171216667
2.3,0.707278174
0.6,0.9856
0.4,12.02979793
0.5,0.558581682
1.6,1.877607143
0.6,1.905401285
3.3,4.308133333
3,23.996
0.1,0.1
0.8,0.971227675
1,0.8040946
3.6,4.81
0.5,2.389243442
11.2,18.338
0.2,0.239255067
1.8,1.618
1.1,0.940819123
1.5,1.643363059
0.5,0.645861711
0.8,0.809711482
4.7,2.314385714
1.4,23.56346667
1.8,1.989905672
0.7,1.852865806
1.8,2.54
0.5,0.836703097
1.6,2.0316
4.2,5.3168
0.7,0.809711482
4.5,3.117633333
0.9,0.8040946
5.4,7.214
0.7,0.637480316
0.9,0.8040946
1.4,1.252734715
0.5,9.912889266
0.8,0.840052381
0.4,0.368462315
1,1.940861905
0.3,0.317796245
0.7,0.922541734
0.6,0.951052847
1.8,5.785664286
3.9,1.323938961
0.5,0.558581682
1.3,0.898933333
2.1,2.244416667
13,79.136
1.1,1.097511111
2.2,1.793
18.2,14.281
1.9,2.185
0.3,0.709843894
0.3,0.430033204
0.5,0.606539164
0.3,0.491299963
0.4,0.446384971
0.6,2.477917331
0.9,0.766620318
20.6,21.016
0.5,0.479705411
0.6,1.905401285
2.4,2.062533333
2.6,3.774
0.8,0.343833333
4.5,23.288
1.3,1.144321429
0.4,0.225742603
1.1,1.260670591
0.3,0.309461885
11.8,9.5995
2.7,9.225
0.6,0.795605027
1.1,1.216857143
0.9,0.983983117
22.4,23.716
0.2,0.215320413
1.7,2.451333333
1.2,1.990590476
1.1,1.03129874
1.5,1.425542857
1.6,1.552760134
14.3,5.692904762
19.4,14.246
2.2,2.824
2.4,0.868663163
2.8,0.709843894
0.1,0.1
1,1.112916667
0.5,0.709843894
0.9,0.916938963
1.2,2.196109152
2.1,2.930261905
0.6,0.471090265
0.4,0.513581177
0.9,2.10527381
1,1.252734715
38.7,6.286417528
1.5,0.695790019
1.4,1.046382179
2.7,2.65192619
58,32.65226667
0.4,0.446384971
0.6,0.645861711
2.2,1.895201587
24.9,30.022
98.5,137.04
1,1.10062619
2.1,3.544
1.4,1.388
1.3,1.45672381
0.8,0.714876971
1.3,5.846233333
113.2,35.25741667
0.5,0.428670889
5.4,6.198
0.2,0.2
0.3,0.317796245
1.1,1.167666667
0.8,1.374004618
1.1,1.121401166
2,2.039333333
0.7,0.714876971
0.9,1.027461805
1.3,1.690647619
0.9,1.159268631
19.1,21.658
0.8,0.868663163
1.7,1.479833333
22.1,19.62
2.8,9.49
0.5,0.444659837
0.2,0.239255067
5.7,4.916
4.1,3.636
2.4,3.76
2.2,9.462133333
0.7,0.676434921
0.6,0.824162269
2,10.633
0.8,0.868663163
1.2,0.977027778
0.3,1.06379045
6,24.638
4.7,4.566
2.1,1.529464286
66.5,90.774
0.3,0.368462315
1.4,1.51822381
0.9,1.403295238
0.7,4.692
4.3,5.502
0.9,1.046382179
0.8,11.07826667
1.2,1.284863095
0.5,0.575357448
0.6,0.523560763
1.7,1.762485714
2,1.280414286
0.8,0.835816388
1,1.481333333
1.4,2.192305162
0.8,1.327916212
0.8,0.966298767
3,3.191666667
1.6,8.5216
0.3,0.264850577
0.7,0.645861711
0.8,0.716431466
0.3,0.365543235
11,10.426
1.3,1.16600873
0.9,0.757216667
0.2,0.2
222.5,146.258
1.3,1.4672
2.8,2.21957381
0.7,0.802301082
2.8,2.8488
2.3,6.5784
14.1,14.954
2.6,2.523
1.9,1.679971429
0.9,1.447571429
45.8,30.98
0.5,0.533023088
1.3,0.922541734
0.7,2.477917331
0.8,1.220627815
1.2,3.084615152
0.7,1.121390682
1,0.964987879
0.7,2.477917331
0.6,1.048363469
1.7,1.522382323
1.3,1.40497619
0.5,1.198298764
3.1,4.279166667
1.3,1.150460141
1.6,2.314385714
0.6,0.824162269
1.7,18.352
0.3,0.430033204
3,4.400666667
2.2,2.33
0.7,0.8040946
0.7,1.386680952
1.4,0.745521681
3.3,5.3965
2,1.11685873
0.4,0.377164286
0.5,0.428670889
2,2.606133333
0.9,0.916938963
2.1,1.889320635
1.9,2.124
0.2,0.291647827
0.2,0.2
1.9,2.575
2.7,5.69
1.7,3.533688889
1.1,1.044083422
0.7,0.688
3.2,2.922
0.2,0.215320413
0.9,1.06975404
0.5,0.578104437
77.8,57.938
0.7,1.852865806
3,3.204
1.6,1.789533333
1.7,1.460666811
0.5,0.695790019
9.8,9.144
0.8,1.164218839
4.2,4.802
0.9,1.252734715
1.8,3.368033333
0.4,0.709843894
2.6,5.512
0.3,0.312231363
0.3,1.403104143
0.6,2.850181178
0.8,0.929921356
2.6,3.194
2.9,1.825054953
0.9,0.977027778
0.6,0.73123456
23.1,15.526
0.9,10.37885945
4.8,6.032
0.2,0.2
6,2.196109152
2.2,9.6
1.5,1.600952381
0.2,0.291647827
0.6,0.409719549
3.8,1.825054953
4.9,8.762
0.3,0.365543235
0.4,0.351082973
0.7,1.852865806
0.8,0.826511905
85.5,64.29
0.4,0.497130499
0.4,0.695790019
0.8,0.575357448
0.9,0.983983117
0.8,1.140589971
423.6,238.8468333
1.6,1.1589
0.4,0.523560763
4.1,52.958
0.9,1.03129874
1.6,1.440923954
0.2,0.201066667
1.9,3.33
2.7,12.02979793
0.4,0.513581177
0.8,0.760981843
1,1.762485714
3.4,3.41
0.9,1.371092108
0.4,0.446384971
6.9,7.034
1.5,1.656166667
4.3,4.424
4,18.04563333
7.1,23.894
2,2.04
0.7,1.596779471
6.3,5.19
2.3,2.148
0.4,0.446384971
1.2,1.044083422
9.6,1.06379045
1.4,2.640666667
0.3,0.312231363
34.7,32.92
0.9,1.051973737
1.4,3.126966667
1.3,1.342
1.6,1.528823016
1.5,1.330157143
6,18.45173333
1.1,1.280414286
1.4,2.196109152
1,1.199961399
3.6,3.1068
0.5,0.575357448
1,1.0605
0.7,0.814304236
0.4,0.836703097
0.5,0.566054185
1.3,1.852865806
2.2,2.6105
2.6,2.626
12,1.403104143
0.8,0.922541734
0.7,0.716431466
1.4,7.754866667
94.4,83.426
0.6,0.780142864
0.6,0.760981843
0.8,0.760981843
0.9,0.917866667
0.6,0.645861711
1.6,2.1608
0.6,0.7011
0.6,0.707683333
0.6,0.966298767
2.1,2.175666667
1,0.73123456
0.3,0.317796245
4.2,4.141778061
0.9,0.868663163
6.3,6.658
1.7,5.202032168
0.1,0.104333333
0.5,0.695790019
0.8,1.159268631
0.8,1.11685873
0.8,0.886451166
0.3,0.637480316
0.8,0.645861711
1.7,1.4672
1.2,1.139361905
2.1,2.084
0.7,0.745521681
3,2.6664
15.8,15.364
1.3,1.374004618
2.8,2.4301
2,2.357284127
2,2.357284127
0.5,0.533023088
5.6,7.534
0.5,0.471090265
0.4,0.639354638
1.9,1.447571429
0.5,0.709843894
2.1,2.004926984
0.3,0.351082973
0.5,0.479705411
163.9,133.568
0.6,0.317796245
2.1,2.0772
2,1.945642857
2.8,0.886451166
0.6,0.733021471
1,1.155279895
4.4,41.358
1,1.144321429
0.2,0.18688925
0.6,0.430033204
0.6,0.868663163
0.4,0.264850577
2.2,0.707278174
0.7,2.192305162
1.6,1.116157937
2.2,1.763366667
2.2,4.141778061
0.7,0.862627223
4.5,6.98
0.9,0.716431466
7.4,90.626
0.8,0.695790019
0.8,5.202032168
1.1,1.0605
1.4,1.411957143
5.4,3.690333333
1.1,1.280414286
0.5,0.757216667
0.3,0.317796245
7,13.394
0.9,2.192305162
1,0.8771
0.4,1.092573413
1.1,1.01965
1.3,1.313185714
5.8,8.946
0.3,0.312231363
2.8,4.11
4,2.9696
80.8,76.736
0.4,0.639354638
0.6,0.780142864
1.1,1.351166522
1,1.252734715
0.4,0.430033204
55,34.1
1.3,1.793
0.3,0.312231363
0.6,0.780142864
0.2,0.225742603
3.3,0.606539164
1.1,1.044083422
5.4,9.066
0.4,1.06379045
0.6,0.784180198
1.4,2.157495238
0.4,0.430033204
0.9,1.116157937
2.5,0.778201881
0.8,1.553133333
0.4,1.164218839
2.3,13.816
0.4,0.578104437
0.7,0.886451166
0.9,1.159268631
0.5,0.558581682
1.3,1.351166522
1.5,1.366342857
659.4,404.054
0.8,1.121390682
3.6,1.790296748
65.1,41.456
136.9,95.826
0.7,0.766620318
0.7,0.575357448
15,16.414
1.4,4.681333333
1.6,1.525
0.9,0.803110551
1.9,7.752
0.9,1.417727778
0.6,0.637480316
0.2,0.2
0.2,0.2
0.7,1.596779471
3.6,3.086236835
0.3,0.382581036
0.3,0.309461885
0.4,0.444659837
0.4,9.912889266
0.9,1.027461805
0.2,0.295340292
0.9,2.55
10.2,11.976
0.4,0.513581177
1.3,1.210845055
0.4,0.918666667
256.7,164.582
3,5.756
5.5,1.164218839
0.9,1.790296748
1.1,1.121401166
1.1,1.3668
0.5,0.519757484
0.9,0.716431466
5.7,3.932380952
0.7,0.8511
1.2,1.164271429
11.9,31.102
0.7,0.578104437
0.2,0.239255067
0.7,0.714876971
0.4,11.61920317
94.8,99.69
1.9,1.631966667
1,1.199961399
2.6,2.459
0.9,1.210845055
1.3,0.916938963
0.7,0.676434921
1.2,0.824162269
3.6,11.212
0.9,1.159268631
0.3,0.415594985
1.9,6.468
1.4,0.824162269
3.6,2.940666667
1.4,1.823180952
1.9,2.159933333
0.6,0.733021471
1.3,0.983983117
1,0.956422872
0.4,0.814304236
13,4.935278571
8.3,7.918
1.3,1.366342857
1.3,0.795605027
0.5,1.06379045
31.9,39.562
0.3,0.639354638
0.2,0.225742603
0.3,12.02979793
1,1.046382179
3.9,12.018
12.5,16.56
0.7,1.224710245
1.4,1.388
1.4,1.9835
0.9,1.28076039
0.6,0.664
0.4,0.709843894
5.4,5.932
2.1,3.074666667
5.7,9.976
0.4,0.471090265
2.9,6.596
322.5,225.12
1.1,0.956422872
0.5,0.780142864
1.7,2.314385714
155.5,94.54
2.8,3.442
0.4,0.368462315
0.9,6.286417528
2.4,2.033938889
1,1.044083422
0.6,2.850181178
3.1,3.206
1.8,1.252734715
6.6,5.602
1.7,1.611871429
4.5,4.713833333
1,1.144788889
0.1,0.1
0.6,1.905401285
0.3,1.164218839
1.2,0.784124198
2,2.0772
9.1,5.785664286
0.5,9.912889266
0.7,1.198298764
1.3,2.641783333
1.3,1.366342857
0.5,0.639354638
1.8,1.159268631
0.4,0.578104437
0.9,10.37885945
0.8,2.850181178
0.8,1.159268631
0.8,0.733780952
0.6,1.852865806
0.7,1.852865806
1065.7,531.7988
215.3,149.076
0.4,0.513581177
1.6,1.08067619
2.1,1.194652381
1.1,1.155279895
1,1.199961399
7.5,6.698
2.8,2.579333333
0.9,0.966298767
15.6,1.596779471
0.6,0.604314286
1.9,1.465495238
0.7,0.868663163
1.9,1.622411905
1,1.014542157
1.9,1.756380952
0.3,0.317796245
3.1,2.948
0.3,0.312231363
0.8,1.596779471
2.9,2.25
46.4,29.006
86,79.628
0.7,2.850181178
0.5,0.606539164
0.8,1.3668
0.7,1.199961399
1.4,19.90629048
3,3.092666667
1.7,1.040115079
2,1.789533333
0.3,0.317796245
1.5,1.511
0.2,0.225742603
0.5,0.444659837
1.1,6.558
0.4,0.513581177
0.6,2.192305162
2.5,6.764
4.6,4.6
0.5,2.477917331
0.9,0.695790019
2.8,4.016
3.2,2.707066667
1.8,10.574
0.6,0.733780952
93.1,69.422
0.5,0.707278174
2.3,5.1192
0.4,0.533023088
0.6,0.726623066
0.3,0.312231363
0.8,1.143824242
15.7,29.392
0.6,20.02777966
6,15.114
0.7,0.73123456
1,0.979376984
6.1,3.9172
0.3,0.291647827
3.6,4.792
7.5,8.03
2.9,6.070666667
32.1,22.771
1.4,1.235166667
1.9,1.403295238
2.8,2.5275
11.3,11.98
1.2,1.446783561
1.1,0.852100794
0.3,12.02979793
3.9,3.086236835
1.4,7.556
28.1,27.074
1,1.195566999
0.6,0.784180198
0.5,0.778201881
1,1.144788889
1.7,35.25741667
1.2,1.522382323
117.3,72.036
0.7,6.286417528
0.5,0.726623066
0.7,0.471090265
0.4,0.444659837
0.7,1.220627815
0.2,0.174423593
0.6,0.809711482
1,1.08362381
8.7,8.330066667
0.9,0.882797619
9.5,11.206
1.5,1.302652381
0.2,0.2
0.7,1.048363469
1.7,4.842666667
2.2,9.51
24.9,48.386
2.4,1.3668
0.7,1.140589971
8.9,9.86
1.5,7.492
5.5,1.220627815
4.1,3.794
0.7,0.757216667
45.6,36.12
1.6,1.475162698
3.4,10.96
1.3,1.889320635
1.1,0.966298767
1.5,1.40497619
0.6,0.695790019
7.6,14.58
1.9,2.7735
1.6,1.580183333
0.8,1.144321429
1.4,0.365543235
0.7,1.98418884
1.3,2.135519841
0.6,0.683086221
0.6,0.784124198
0.8,0.491299963
0.4,0.368462315
2.6,8.512
0.4,0.639354638
2.3,2.63
1.3,8.136
5,1.790296748
0.5,0.709843894
2.2,4.497228571
3.5,0.780142864
166.5,120.644
0.6,0.886451166
2.2,2.65
1,1.008347619
3,4.310266667
0.3,0.369847619
0.4,0.312231363
3.6,6.092
1.3,1.265235714
0.5,0.562
0.2,0.253587781
0.4,2.389243442
1.9,15.762
1.9,1.622411905
0.6,1.852865806
1.6,2.142
11.5,28.55
0.1,0.100666667
1.3,1.330157143
1.4,1.374004618
0.6,0.803110551
0.8,0.862627223
0.7,1.195566999
0.5,1.403104143
0.9,0.428670889
0.7,0.745521681
0.1,0.12078658
1.5,1.417727778
0.8,0.840052381
0.8,0.575357448
0.6,0.291647827
0.2,0.297247619
0.6,1.596779471
2.1,4.1536
0.5,0.707278174
0.4,0.714876971
0.4,9.912889266
2.2,3.046
0.6,0.824162269
1.2,1.199961399
1.1,1.905401285
0.4,0.639354638
0.4,0.309461885
2,1.877607143
0.8,0.867733333
1.9,2.1878
0.8,0.999012698
1.7,1.690647619
0.7,1.195566999
1.4,1.522382323
1.2,1.3048171
0.5,0.519757484
1.2,19.90629048
0.6,2.850181178
0.5,0.637480316
52.8,2.389243442
0.4,0.428670889
0.6,0.714876971
2.4,2.435
47.7,52.232
2.6,1.601479365
0.6,0.908468604
0.3,1.06379045
2,1.411957143
0.7,1.403104143
5.1,26.738
0.2,0.253587781
0.3,2.389243442
0.3,0.312231363
1.3,9.840730159
0.8,0.683086221
0.4,0.637480316
0.8,0.519757484
0.6,0.780142864
9.1,10.09
0.5,1.164218839
2.4,5.354
1.5,1.354933333
13.6,3.084615152
1.4,1.494466667
2,1.795666667
0.5,0.519757484
3.9,3.421333333
1.9,1.989905672
0.4,0.317796245
0.6,1.98418884
72.1,50.796
1.6,1.036126984
0.9,0.951002811
0.8,1.116157937
0.5,2.389243442
1.3,2.03
0.4,0.444659837
2,1.895201587
12.9,12.128
1.3,1.199961399
9.3,17.144
3.9,12.184
1.4,1.452
0.7,0.714876971
2.3,4.926
0.6,1.195566999
2.1,1.7668
3.7,3.134
0.4,0.513581177
0.8,0.862627223
0.6,1.198298764
1.8,1.143824242
0.5,0.497130499
0.9,1.014542157
0.4,0.578104437
0.5,0.513581177
0.6,1.905401285
0.8,0.609467643
0.2,0.291647827
2.4,2.4855
1.3,1.246579365
63.7,48.852
0.9,6.286417528
0.6,0.695790019
1.9,5.886
0.3,0.430033204
1.1,1.10062619
1,3.533688889
79.4,63.556
0.5,2.477917331
0.5,11.67153802
0.2,0.256961616
1.7,1.079493651
0.2,0.188949784
0.6,0.795605027
0.6,0.809711482
0.2,0.291647827
0.7,0.971227675
3,3.382966667
0.4,0.6642
0.4,0.575357448
0.9,1.159268631
0.2,0.240749206
30.5,30.168
0.5,0.726623066
0.8,1.159268631
1.1,1.03129874
0.7,1.022818254
3.2,9.912889266
0.7,0.902384127
181.4,117.034
0.5,0.523560763
2.1,11.094
0.9,1.267652189
0.4,0.491299963
1,0.696311572
0.4,0.382581036
1.7,1.729084127
0.4,0.575357448
1.2,1.472804762
0.5,0.491299963
0.7,0.726623066
0.5,0.566054185
0.6,0.866175653
2.2,3.624
56.7,38.646
1.5,1.566104762
1.4,1.260670591
0.9,1.060846032
6.4,2.612145238
0.6,0.814304236
0.5,0.491299963
0.9,1.027461805
1.7,1.911497619
3.6,3.666
2.5,2.5955
3.2,2.7488
1.3,6.334
1.9,4.141778061
0.8,0.940819123
8.6,21.37
1.3,4.4031
0.4,12.02979793
1.4,1.553666667
5,4.74
0.5,0.836703097
1.3,0.809711482
0.4,1.164218839
1,0.294443468
2,0.784124198
3.6,7.474
1.2,1.265235714
0.3,0.215320413
1.2,1.224710245
0.2,0.253587781
1.1,1.16600873
0.6,0.609467643
0.7,0.645861711
0.7,1.284863095
2.3,4.868
0.5,0.604314286
0.8,1.238666667
2.7,4.116
1.1,1.603036219
5.8,8.158
1.6,1.446783561
1,1.23
1.6,4.447109524
11.5,5.338552381
0.8,2.612145238
0.6,0.908468604
2.5,14.182
0.8,0.999012698
1.7,2.183366667
1.1,1.10062619
1.3,1.552760134
4.5,2.564290476
2.7,2.4855
55.1,49.446
0.9,0.979376984
1.2,1.051973737
5.3,2.10527381
20.2,27.9
1.2,1.14622381
0.7,0.866175653
0.4,0.606539164
2.3,2.293644444
2.5,6.432
0.4,0.566054185
2,2.930261905
35.3,27.371
0.8,11.67153802
0.9,0.766620318
0.5,0.575357448
7.2,7.858
42.2,2.850181178
0.6,1.852865806
3.8,7.902
1,1.051973737
0.3,0.309461885
0.4,0.513581177
0.7,0.745521681
3.4,5.876
0.4,0.491299963
0.8,0.951052847
1.2,2.4849
4,16.734
2,2.397
2.6,2.072766667
0.7,0.772961833
1.2,0.566054185
0.8,0.901333333
0.9,0.533023088
1.3,1.440923954
1.3,1.062495238
3.9,4.79
4.5,3.9325
0.5,0.239255067
2.9,1.7994
1.3,0.966298767
58.9,25.14476667
0.9,1.395287302
0.5,0.575357448
0.7,0.795605027
0.5,0.803110551
22.1,18.23
0.5,0.606539164
1,1.313185714
0.6,0.780142864
1.5,1.6831
0.6,0.726623066
3.9,3.7315
0.5,1.164218839
0.2,12.02979793
256.3,157.078
6.6,13.426
0.4,0.709843894
2.4,4.341666667
5.2,6.418
5.5,6.2748
0.7,0.745521681
0.6,0.757216667
1.7,10.62550476
1.8,1.811533333
48.7,30.298
0.6,0.926905195
0.9,0.902384127
2.9,2.057378571
0.3,0.409719549
1.1,4.00262619
0.7,0.866175653
0.6,0.745521681
1.9,1.989905672
2.1,2.158847619
1.1,1.121401166
3.1,6.688
1.8,1.758697619
1.8,2.033938889
0.7,0.866175653
0.5,0.606539164
0.7,1.267652189
1.7,2.196109152
0.8,0.767399695
0.3,0.365543235
3,0.733021471
19.8,29.038
1.8,2.564290476
0.5,0.415594985
3,2.934
0.7,0.575357448
0.7,0.745521681
4.4,3.369333333
0.7,0.999012698
1.2,1.164911905
1.3,1.494466667
0.9,0.840052381
6.7,4.8424
1.2,1.040115079
1.1,0.867733333
0.5,0.533023088
0.6,0.523560763
0.3,0.513581177
1.4,1.224710245
1.6,3.986821717
3.3,3.218
0.7,1.048363469
0.8,2.196109152
0.4,0.295340292
0.7,0.726623066
1.3,1.96
1.1,1.160333333
2.1,1.395287302
1.2,4.141778061
0.9,1.603036219
0.6,0.733021471
0.5,2.389243442
7.8,7.094
0.4,0.446384971
1,1.395287302
0.7,0.922541734
0.2,0.225742603
10.4,11.102
2,2.9696
0.7,1.031714286
1.1,2.10527381
0.7,0.645861711
1.1,1.03129874
0.7,0.922541734
0.7,1.048363469
0.8,0.940819123
0.3,0.317796245
3.5,1.267652189
0.8,0.749385426
0.8,0.733021471
27.4,34.004
0.4,1.403104143
0.7,1.048363469
1.2,4.103833333
0.3,0.606539164
0.3,0.513581177
5.2,8.206
1.1,0.940819123
0.7,0.803110551
0.5,0.709843894
0.3,0.319414286
0.6,0.866175653
1,1.097511111
0.4,0.862627223
16.1,22.154
0.8,0.772961833
0.5,0.575357448
4.5,7.186
1.3,2.477917331
0.7,0.733021471
1.6,1.806333333
1.5,1.98418884
0.8,20.02777966
9.4,21.736
0.6,0.709843894
0.3,0.291647827
2.1,2.158
7.5,9.974666667
4.6,8.458
0.2,0.239255067
0.7,5.202032168
3.5,2.448
10.9,20.356
2.6,3.122666667
2.8,7.05
0.2,0.264850577
0.9,1.040115079
1.1,1.3386
1.2,3.986821717
1.5,1.446793651
0.6,0.824162269
0.2,0.309461885
1.1,2.21957381
1,0.89647619
3.4,4.308133333
2.1,3.342666667
1.4,1.211297619
0.3,0.824162269
2.2,3.4605
32.1,10.53959524
0.5,0.606539164
60.3,33.8664
0.5,0.606539164
0.8,0.835816388
0.9,0.749385426
0.5,0.733021471
8.5,7.028
0.2,0.239255067
35.5,29.272
3.5,30.113
2.3,2.808
0.2,0.294443468
0.3,0.428670889
15.8,15.514
3.1,3.745666667
1.2,1.330157143
1.2,1.155279895
5.1,2.357284127
0.4,0.533023088
0.5,0.814304236
1.1,1.786672222
1.6,1.511
0.6,0.733021471
0.7,0.824162269
0.7,9.912889266
2.9,3.844
0.7,0.519757484
0.8,0.842128571
0.5,0.606539164
1,1.220627815
5.5,18.44
1.1,1.199961399
1.2,1.660666667
0.6,1.905401285
1.5,1.322
0.6,0.760981843
3.7,3.284
0.4,0.430033204
0.3,12.02979793
0.6,1.198298764
0.7,0.784124198
15.1,44.582
178.6,126.786
1.8,1.92
0.2,0.2
1.1,1.790296748
0.8,0.772961833
0.8,0.916938963
18.7,2.192305162
1.2,1.224710245
2.5,2.808
3.4,4.310266667
0.8,1.220627815
0.8,0.824162269
5.8,6.3034
0.4,0.513581177
0.6,0.983983117
0.5,0.898933333
0.8,1.47
0.6,5.043304762
0.6,1.198298764
1.5,2.153333333
8.3,33.14
0.7,0.716431466
0.7,0.676434921
2.8,2.97
0.2,0.309461885
0.7,0.814304236
0.8,1.220627815
6.9,5.88
4.8,9.642733333
0.5,0.491299963
0.5,0.369847619
0.3,0.309461885
1.4,3.181333333
13.4,1.905401285
8.9,7.936
1,1.027461805
1,1.069690476
0.5,0.491299963
8.8,7.692
0.6,1.220627815
5,17.76
1.2,2.458
2,1.899920635
0.5,0.446384971
4.8,4.296
1.1,0.908468604
0.4,0.291647827
1.3,0.999012698
0.4,1.06379045
1.6,1.8372
0.4,0.709843894
2.6,2.6505
1.9,4.866
0.4,0.497130499
0.7,0.908468604
0.4,0.709843894
0.4,0.446384971
0.7,0.886451166
0.7,0.922541734
0.6,1.092573413
5,5.772
1,0.929921356
0.5,0.497130499
2.4,2.676
1.2,1.903
0.6,0.956422872
138,78.769
1.8,1.8832
0.6,0.709843894
20.8,23.252
2.8,2.528933333
1.1,2.126
1,1.046382179
17.9,25.816
3.1,2.8488
2.1,2.410514286
0.7,1.048363469
0.4,0.533023088
1.7,59.522
1.2,1.446783561
0.9,1.563333333
1,0.979376984
0.2,0.2
0.5,0.778201881
3.4,4.902
1.4,1.144321429
1.8,2.7828
0.3,1.403104143
1.1,1.61487619
0.4,0.709843894
1,1.144321429
0.1,0.100666667
1.3,1.475162698
0.6,0.922541734
0.7,0.645861711
0.8,0.8040946
130.2,83.758
0.2,0.240749206
2.4,2.369466667
0.6,0.766620318
0.4,1.323938961
0.3,0.409719549
0.4,0.291647827
0.8,0.922541734
0.3,0.415594985
5.6,3.856257143
0.3,0.382581036
2.8,3.122666667
1.3,1.150460141
0.2,0.256961616
0.5,1.371092108
0.8,1.386680952
0.6,0.609467643
1,0.862627223
0.9,0.966298767
0.4,0.497130499
0.4,0.309461885
0.3,0.256961616
13.7,23.432
41.4,45.922
1.3,1.299107937
0.6,0.683086221
2.4,1.891390476
0.5,0.814304236
0.8,0.842128571
0.9,0.951052847
23.8,15.497
1.5,1.150460141
0.2,0.294443468
0.5,2.389243442
4.8,4.342520635
7,4.1536
1.4,1.552760134
3.6,2.196109152
0.3,0.312231363
0.3,0.814304236
1,0.989911328
2.2,1.242019336
1.7,1.328485714
0.1,0.1
13.9,14.494
0.7,0.73123456
0.7,0.446384971
1.4,1.351166522
0.3,0.312231363
3.8,9.894
0.4,2.389243442
3.8,1.911497619
0.7,0.803110551
0.7,0.766620318
0.4,0.709843894
0.8,1.01965
0.6,1.98418884
0.6,0.683086221
1.4,1.678066667
0.7,1.596779471
0.7,0.714876971
0.3,0.240749206
2.4,2.528933333
20.9,13.694
3.6,4.593333333
2.9,5.922
0.5,0.609467643
0.5,0.733021471
0.2,0.18688925
0.6,1.198298764
0.6,2.850181178
1.1,1.763366667
0.8,0.766620318
0.5,0.726623066
2.2,13.295
0.7,0.745521681
6.9,4.216
1.2,1.166423665
1,1.046382179
0.7,0.803110551
0.9,0.989911328
0.9,1.411957143
1.3,1.32679127
0.6,0.733021471
0.1,0.133565079
1.1,1.031714286
2.8,2.231083333
1.2,1.220380952
0.4,0.428670889
1.7,2.368
5.5,3.986821717
2.7,13.648
0.6,2.192305162
0.5,0.886451166
0.4,0.513581177
0.8,0.803110551
1,1.440814286
0.7,2.192305162
0.8,0.916938963
0.8,1.11685873
2.9,7.434
2.3,2.560666667
0.4,1.164218839
0.3,0.312231363
78.1,82.734
0.3,1.220627815
1.5,0.803110551
0.5,0.444659837
1.6,1.678066667
1.5,1.440814286
2,2.564290476
0.5,0.491299963
1.4,0.836703097
0.8,0.951002811
2,1.877607143
21.4,14.856
0.6,1.195566999
0.7,0.745521681
1.6,2.244416667
2.6,7.798
0.5,0.814304236
1,3.802
1.5,0.862627223
1.7,1.580183333
1.3,1.354933333
1.1,0.757216667
0.4,2.850181178
1.7,1.823180952
1.9,4.935278571
1.7,1.440814286
1.1,1.180061994
6,20.69733333
11.9,3.086236835
0.6,1.905401285
0.4,0.444659837
2.2,9.144
85.5,57.858
1.1,1.733166667
1.5,1.267652189
1.8,1.81
0.5,0.575357448
1.6,1.475162698
0.7,1.174209524
1.1,3.986821717
1.1,1.073278571
0.4,0.430033204
4.7,4.406
0.6,5.202032168
2,0.726623066
0.4,0.491299963
2.7,3.1068
0.8,0.795605027
0.7,0.760981843
0.5,0.695790019
2.4,7.286
7,8.678
