Actual Train,Predicted Train
1.7,1.87
0.9,0.865
1.6,1.63
1.2,1.2
1.4,1.395
0.7,0.68
1.3,1.29
2.3,2.305
10.8,10.495
3.2,3.245
1.5,1.5
6.8,7.5
5.9,5.635
1.3,1.28
0.7,0.655
1.4,1.355
3.8,3.835
3.2,3.16
2.6,2.42
1.9,1.91
1.3,1.31
2.3,2.25
1.4,1.4
1.1,1.09
3.7,3.79
3.3,3.215
7.9,7.94
5.5,4.765
1,0.9
0.8,0.75
2,1.965
2.1,2.0975
2.5,2.555
2.3,2.325
7.7,8.63
1.6,1.595
1.7,1.66
5.8,5.85
1,1.005
0.6,0.59
1.5,1.475
1.4,1.42
1.4,1.41
2.2,2.405
1.3,1.225
8.1,8.1
9.1,8.76
1.6,1.585
1.6,1.57
4.7,4.475
0.7,0.715
1.4,1.395
1.9,1.89
3,2.97
1.3,1.320833333
1.9,1.915
1.4,1.4
1.5,1.495
3.9,4
0.8,0.81
7.1,7.12
1.7,1.695
0.7,0.67
0.8,0.8
5.4,5.38
0.8,0.775
0.8,0.86
1.5,1.485
3.3,3.385
3.7,3.69
2.7,2.32
0.7,0.78
3.5,4.365
0.6,0.59
1.5,1.505
1.5,1.455
2.4,2.48
0.8,0.79
9.3,10.185
4.1,4.265
11.7,11.195
8.1,7.845
1.7,1.675
0.5,0.585
1.5,1.58
1.2,1.24
2.7,2.82
3.7,6.425
2.3,2.28
1.4,1.485
2.1,2.085
1.9,2.185
2.4,2.43
0.9,0.975
2.8,2.575
1.4,1.405
6.1,6.19
1.3,1.54
0.5,0.545
4.4,4.38
0.6,0.63
1.5,1.51
1.5,1.49
2,1.795
4.3,4.115
6,5.77
3.2,3.215
1.7,1.635
1.4,1.545
2.1,2.145
1.4,1.335
0.8,0.8
2.6,2.655
1.4,1.415
2.6,2.54
6.7,6.75
11.3,11.455
0.9,0.94
1.1,1.06
7.1,7.59
0.8,0.83
1.8,1.92
1.3,1.303
4.1,4.195
1.2,1.2
8.5,8.64
2.7,2.57
3.5,3.695
1.2,1.23
1.2,1.225
0.6,0.62
1.3,1.275
1,1.005
2.9,2.84
4,3.92
1.4,1.364166667
2.6,2.66
7.2,9.235
0.8,0.79
1.2,1.23
3.4,3.2875
1.8,1.785
1.1,0.94
1.5,1.52
2.3,2.305
1.5,1.515
2.4,2.14
1.7,1.7
1.6,1.545
1.9,1.66
1.6,1.575
2.7,2.895
1.4,1.425
9.4,10
3,3.01
6.4,6.535
0.9,0.89
1.5,1.425
1.6,1.68
3.1,3.14
1.9,1.82
1.4,1.39
1.9,1.965
3.7,3.725
0.7,0.705
1.5,1.49
0.9,0.87
1.8,1.88
3.2,2.92
3,3.015
6.1,5.945
2.4,3
11.5,11.15
1.6,1.595
4.4,3.85
3.3,3.305
1.4,1.4
3.9,4.055
0.9,1.035
1.1,1.105
3.7,3.63
1.3,1.38
22.5,26.24
0.8,0.785
3.6,3.565
2.6,2.71
1.3,1.295
1.6,1.63
0.5,0.52
18.9,17.505
1.4,1.426625
0.7,0.67
3.2,3.23
5.2,5.195
2.2,2.21
1.9,1.915
2.3,2.34
4,4.175
3.6,3.705
0.5,0.485
27.6,22.33
2.3,2.285
1.1,1.09
1.4,1.415
2.5,2.43
3.5,3.56
1.3,1.28
1.6,1.46
10.5,9.64
1.3,1.4
5.8,5.74
3.5,3.73
2.1,2.235
1.6,1.56
1.4,1.395
0.8,0.845
11,10.395
0.6,0.59
1.3,1.29
5.1,5.155
3.4,3.385
10.9,10.15
0.7,0.81
2.4,2.375
1.5,1.49
4.3,4.33
0.5,0.5
4.4,4.32
9.3,9.38
1.1,1.125
2.6,2.53
1.2,1.21
2.3,2.29
4,3.865
1.3,1.31
2,1.975
1.9,1.94
3.1,3.045416667
2.7,2.68
2.1,2.115
1.9,1.87
5.2,5.215
1.8,1.74
1.7,1.7
2,1.92
1.1,1.18
1.8,1.8
1.8,1.84
2.1,2.09
1.7,1.655
1.6,1.59
1.1,1.09
1.3,1.35
0.7,0.69
1.1,1.205
5.4,4.89
1.4,1.405
1,1.155
10.7,8.935
1.3,1.26
6.2,6.41
1.4,1.38
1.9,1.895
1.2,1.2
1.1,1.145
1.6,1.53
0.7,0.69
1.2,1.235
2.7,2.78
6.8,6.875
4.1,4.1
1.3,1.255
3.1,3.385
4.5,4.495
2,1.96
0.9,0.895
0.9,0.89
1.2,1.215
0.7,0.705
1,1.025
1.4,1.39
2.7,2.815
1.9,1.725
2.6,2.68
1.5,1.61
2.5,2.435
0.8,0.755
4.5,4.57
3.8,3.91
11.9,11.26
3.9,3.72
1.5,1.53
6,6.325
2.2,2.225
2.3,2.255
4.8,5.14
0.8,0.78
0.8,0.8
3.5,3.47
1.2,1.185
0.8,0.81
36.7,33.625
2.4,2.37
3,3.005
2.5,2.63
1.5,1.46
1.3,1.325
0.8,0.78
5.5,4.985
1.1,1.105
1.4,1.71
2.5,2.475
1.6,1.565
1.2,1.235
1.3,1.3
5.1,4.98
0.7,0.71
1.7,1.695
0.9,0.88
1.2,1.25
1.3,1.315
0.5,0.49
1.6,1.57
1.5,1.495
1.9,1.905
1,1.315
7.3,11.36
1.3,1.295
2.3,2.275
1.6,1.475
4.8,4.81
2.7,2.375
1.4,1.395
2.3,2.28
1.1,1.12
13.4,12.71
2.4,2.335
0.6,0.61
0.6,0.673069444
2,2.815
1.6,1.56
1.3,1.29
2,2.05
3.6,3.805
2.5,2.46
0.8,0.8
0.6,0.615
1,0.99
1.5,1.49
10,9.07
2.2,2.19
6.3,6.22
0.6,0.57
9.3,9.095
1.4,1.39
2.1,2.155
1.8,1.84
0.9,0.955
2.2,2.19
2.8,2.815
0.9,0.925
3.5,3.34
8.9,8.605
8.5,9.465
6.8,7.15
1.9,1.895
2.6,2.855
4.6,4.665
0.9,0.88
1.7,1.67
0.7,0.725
0.7,0.715
6.8,6.755
2,1.84
1.6,1.61
1.8,1.89
2,2.235
1.6,1.655
0.7,0.673069444
0.9,0.925
8.6,8.37
3.2,3.2
3.4,3.905
0.7,0.675
0.9,0.88
6.9,6.645
2.2,2.19
5.2,5.165
1,1.015
2.3,2.305
2.2,2.195
3.8,3.77
2.6,2.605
4.4,4.29
9.7,9.685
2.3,2.305
18.9,20.475
2.3,2.34
2.8,2.81
29.8,26.985
7.8,7.37
1.4,1.45
0.9,0.945
2.9,3.105
0.9,0.915
2.6,2.57
1.6,1.61
1.8,1.77
3.2,3.1
1.9,1.895
1.3,1.315
2,1.96
0.8,0.805
0.6,0.62
7.4,7.435
3.2,3.27
2.9,2.89
1.4,1.395
2,1.91
3.9,3.915
1.3,1.31
1,0.94
1.5,1.415
2.5,2.27
1.3,1.265
5.2,5.83
1.1,1.085
1.9,1.895
4.4,4.225
1.6,1.605
1.4,1.41
2.3,2.295
6.8,6.66
5,4.88
1.6,1.68
3.7,3.82
1.3,1.365
1.9,1.73
3.2,3.18
3,3.145
1.6,1.735
2.2,2.19
13.4,12.805
3.5,3.19
5.9,6.125
2.6,3.11
1.8,1.67
1.8,1.755
1.4,1.435
6.6,6.61
1.5,1.475
1.2,1.21
8.2,8.15
4.5,4.24
0.8,0.74
1.2,1.1825
0.7,0.684333333
12,10.34
2.3,2.345
2.6,2.855
5.1,5.18
0.6,0.605
1.5,1.57
5.7,5.73
3.5,3.475
2.1,2.085
4.3,4.27
2.1,2.09375
4.8,4.81
1.4,1.41325
1.4,1.43
2,2.2
2.6,2.655
7,7.195
2,2.03
2.5,2.545
2.8,2.83
1.3,1.31
0.8,0.815
1.2,1.215
1.7,1.595
1.8,1.7525
2.2,2.16
0.8,0.825
2.6,4.175
2.1,2.115
2.8,2.65
3,2.985
3.3,3.3
17.6,16.43
2.3,2.235
2.3,2.295
1.7,1.72
2.5,2.555
2.1,2.135
2.4,2.39
2.5,2.59
1.5,1.79
0.9,0.831666667
6.3,6.18
3.7,3.49
1.4,1.37
1.8,1.975
1.4,1.42
3,2.92
1,1.025
0.9,0.96
1.4,1.215
0.7,0.71
2.3,2.33
1.7,1.725
2,1.99
3.1,3.93
2.3,2.485
2.6,2.555
2.9,2.915
2.5,2.595
2,1.955
9,8.72
2.4,2.355
6.8,9.755
1.4,1.48
2.3,2.29
15.3,15.245
1.4,1.44
3.1,2.995
9,9.23
3.4,3.505
7,6.2
3.1,3.05
1,0.995
3.7,3.735
7.6,5.38
1.6,1.925
1.4,1.355
5.4,5.35
1,1.015
3.1,3.065
1.7,1.645
0.9,0.925
1.8,1.755
1.1,1.09
1.1,1.189333333
1.1,1.14
2.6,2.56
4.2,4.32
1.5,1.515
6.3,6.255
0.9,0.905
0.6,0.58
3.2,4.055
2,2.125
1.8,1.805
2.8,2.635
2.5,2.565
10.4,9.71
2.1,2.085
1.6,1.635
2.4,2.465
3.5,3.57
3.7,3.81
7.5,7.52
4,3.965
8.9,8.56
11.9,11.62
9.3,9.34
3.4,3.92
8,8.175
2,2
3,2.965
1.8,1.855
1,0.965
3.4,3.62
4.3,3.915
1.1,1.125
1.3,1.3
1.2,1.21
5.7,5.785
3.9,3.85
2.7,2.705
1.3,1.39
1.1,1.14
2.3,2.31
2.4,2.46
1.4,1.455
2,2.055
2,2.049583333
2,2
7.7,9.54
11.1,10.46
1.6,1.615
1.9,1.815
1.4,1.395
5.2,5.195
0.8,0.79
3.2,3.13
5,4.99
1.3,1.35
1.6,1.56
0.7,0.67
1.5,1.58
6.7,7.305
9.8,7.785
0.5,0.54
3.7,3.6
1.2,1.205
1.5,1.53
0.7,0.705
0.6,0.62
5.2,5.38
1.1,1.12
3.7,3.405
1.5,1.475
0.8,0.765
1.2,1.23
1.5,1.515
1.6,1.635
1.5,1.485
1.6,1.59
1,1.105
7,6.945
3.4,3.42
3.7,3.72
1.7,2.07
2.1,2.275
1.4,1.375
2.1,2.06
2,1.905
2.6,2.535
14.2,18.07
1.1,1.145
1.6,1.595
1.9,1.91
2.9,2.88
0.7,0.7
1.4,1.36
2.5,2.505
2.7,2.705
1.2,1.165
5.5,5.355
2.7,2.705
1.8,1.815
0.9,0.9
2.5,2.52
1.5,1.52
0.8,0.78
1.5,1.54
0.8,0.82
1.4,1.4
1.4,1.325083333
1.4,1.385
11.8,10.755
1,1.03625
0.4,0.405
2.9,2.905
5.8,5.695
3.1,3.115
2.1,2.07
3.3,3.225
4.5,4.445
2.7,2.68
5.1,5.415
2.4,2.345
1.4,1.395
2.7,2.66
2,2.035
7.1,6.525
2.5,2.45
3.5,2.905
4.1,3.965
2.6,2.61
3.8,5.385
2.1,2.15
3.8,3.725
0.9,0.885
2.2,2.195
1.4,1.46
3.1,3.04
0.6,0.565
4,4.045
1.8,1.895
3,3.045
0.7,0.715
7.4,7.305
1.1,1.205
3,3.045
0.9,0.93
0.5,0.57
0.5,0.55
0.5,0.525
0.7,0.705
2.2,2.185
1.1,1.13
2,1.965
2.1,2.06
0.5,0.565
3.1,3.085
1,1.005
3.5,3.55
1.5,1.48
1.5,1.515
1.9,1.76
2.3,2.275
0.5,0.5
2.2,2.115
5.3,5.23
1.5,1.475
1.4,1.42
1.6,1.515
1,0.975
2.5,2.945
1.1,1.1
2.3,2.34
3.3,3.28
1.4,1.405
2.6,2.49
4.6,4.29
0.8,0.751666667
2.2,2.205
1.3,1.38
3.8,3.815
2.2,2.205
1.5,1.51
1.5,1.45
3.7,3.795
3.8,3.77
0.9,0.865
0.4,0.45
2.2,2.17
0.8,0.8
1.3,1.251
1.4,1.335
2.3,2.295
2.1,2.06
1.7,1.68
2.6,2.45
0.9,0.89
2.2,2.23
5.5,5.205
1,1.015
0.9,0.89
0.7,0.725
1.3,1.44
2.2,2.165
6.9,6.95
1.8,1.77
1.8,1.86
3.2,3.12
2.6,2.845
1.6,1.55
1.9,1.95
0.6,0.6
1,1.21
2.6,2.705
1.8,1.8
1.6,1.575
2.2,2.17
8.9,9.195
3.9,3.78
0.9,0.935
0.8,0.83
2.5,2.53
0.9,0.89
2.9,2.59
4.6,4.665
2.1,2.275
1.5,1.475
3.7,3.3
5,5.065
0.8,0.82
1.4,1.47
0.7,0.7
12.7,13.945
2.3,2.28
4.6,4.435
1.5,1.6045
14.3,14.555
6.5,6.41
3,3.09
1.1,1.07
0.6,0.59
0.5,0.52
2.6,2.625
1.2,1.07
2.2,2.18
6.3,6.155
1,1.135
2.8,3.095
1.3,1.276666667
1.3,1.39
3.7,3.36
6.7,6.43
1.8,1.8
1,0.985
1.6,1.59
1.1,2.325
1.2,1.205
1.2,1.36
5.5,5.64
4.3,4.39
3.2,3.17
1.4,1.41
8,7.325
2.4,2.33
1.4,1.4
3.2,3.22
2.9,2.945
1.5,1.49
1.1,1.175
1.9,1.92
0.8,0.865
2.1,2.345
1.8,1.82
2.1,2.13
5.4,5.425
2.6,2.43
3.5,3.5
1.4,1.51
4.3,4.37
1.4,1.455
4.6,4.33
1.3,1.3
3.1,2.875
4.6,4.27
1.5,1.465
1.5,1.555
1,1.06
2.6,2.62
0.7,0.680361111
2,1.85
2.7,2.53
2.7,2.655
8.1,7.265
1,1.015
0.5,0.64
0.6,0.575
3.4,3.43
1.2,1.165
0.6,0.575
10.5,10.615
1.3,1.38
0.6,0.635
33.6,31.465
2,2.04
1.1,1.13
1.3,1.36
1.5,1.56
5.3,5.415
1.7,1.63
1.5,1.495
3.9,3.875
1.2,1.245
2.5,2.51
2.3,2.255
1,1.005
2.9,2.895
4.5,4.745
0.7,0.695
3.2,3.235
8.8,8.6
0.6,0.62
0.7,0.705
2.1,2.075
4.6,6.665
1.1,1.22
1.8,1.75
2.5,2.475
8.2,8.32
3.8,4.605
0.6,0.605
1.4,1.405
1.3,1.28
2.3,2.31
1.7,1.9
1,0.979166667
3.4,3.365
1.7,1.745
4.2,4.055
1.1,1.09
1.1,1.09
1.7,1.67
1.4,1.535
1.1,1.125
0.8,0.765
0.8,0.8
1.2,1.162166667
2.6,2.69
1.9,1.895
1.3,1.32
0.5,0.505
2.1,2.12
0.9,0.9
1,0.982166667
2.8,2.71
1.2,1.12
1.1,1.07
2.5,2.515
1.4,1.44375
2.9,2.920857143
3.9,3.9
1.3,1.285
4.1,4.085
2.5,2.47
1,0.98625
2.1,2.06
1.3,1.33
1.3,1.17
2.4,2.35
6.4,5.975
1.9,1.96
1,0.95
2.8,2.765
1.3,1.305
0.8,0.82
9.3,8.41
0.5,0.525
3.7,3.615
1.2,1.195
1.5,1.53
2.8,3.47
0.5,0.52
1.2,1.21
8.1,7.965
1.8,1.835
1,1.075
7.3,8.78
2.9,3.005
0.9,0.93
0.8,0.76
1.3,1.2675
1.1,1.08
0.8,0.8
3.1,3.06
2.3,2.27
10.6,10.19
2,2.01
5.1,5.17
5.4,5.4
0.7,0.7
0.6,0.6
2.6,2.665
1.2,1.255
1.8,1.78
3.6,3.395
1,0.97
0.9,0.91
0.8,0.793
1.4,1.42
1.2,1.165
1.4,1.805
3.4,3.365
5,5.065
5.3,5.44
1.7,1.7
3.2,3.155
2.8,2.86
2.5,2.43
1,0.94
1.4,1.43
0.8,0.815
0.6,0.675
6.3,6.09
1.6,1.56
1.8,1.81
1.6,1.545
3.8,3.83
0.8,1
1.2,1.2
2.1,2.13
3.2,3.235
1.5,1.465
2.3,2.37
1.3,1.325
1.2,1.355
4,4.005
0.7,0.635
2.3,2.315
0.9,0.915
8.4,10.7
3.3,3.05
2.9,2.825
8.8,7.025
1.3,1.32
1.8,1.815
1.2,1.28
1.1,1.065
3.2,4.49
1.1,1.08
2.5,2.465
3.7,3.74
1.7,1.705
1,1.015
1.4,1.43
3.2,3.07
0.8,0.76
1.1,1.19
1.5,1.555
10,9.945
1.6,1.47
2.4,2.45
1.3,1.304166667
5.7,5.69
2.6,2.61
1.7,1.626666667
11.5,12.31
1.2,1.274166667
3,3.07
2.2,2.14
11,15.805
1.1,1.09
13.2,12.02
2.7,2.65
1.6,1.58
2,1.99
1.3,1.266833333
0.8,0.825
1.6,1.585
1.3,1.27
0.6,0.64
2.1,1.995
2.4,2.8
1.1,1.125
5,4.87
5.1,5.005
3.3,3.37
0.8,0.84
1.7,1.675
2.8,2.725
4.8,4.82
1.3,1.345
4.9,6.275
0.8,0.77
2.1,2.075
0.5,0.525
1.4,1.465
1.8,1.865
5,4.68
0.8,0.82
0.9,0.982166667
1.6,1.575
2,1.985
0.8,0.825
2.3,2.91
1.3,1.325
20.3,17.78
0.5,0.535
2.7,2.66
6.1,5.925
5,5.015
1.2,1.23
7.1,6.965
1.8,1.76
1.3,1.33
0.8,0.735
1.3,1.32
1.7,1.66
2.3,2.28
1.4,1.4
1,1.18
1.3,1.285
1.1,1.15
1.6,1.51
0.7,0.625
1.5,1.46
2.2,2.295
2.2,2.21
1.3,1.29
1.2,1.165
2.5,2.45
5,5.11
1.6,1.62
4.1,4.37
1.8,1.835
0.6,0.6
1.3,1.18
2.5,2.73
1.3,1.285
10.3,8.945
2.5,2.345
3.1,3.74
1.4,1.225
0.8,0.8
0.9,0.9
2.1,2.095
1.6,1.685
4.2,4.23
9.3,9.5
24.4,21.54
1.5,1.5
1.9,1.895
2.1,2.11
11.1,11.575
0.9,0.935
1.2,1.35
1,1.02
1.2,1.16
1,0.965833333
4,4.11
0.8,0.795
5,4.415
1.8,1.83
1.5,1.51
1.7,1.7
6.2,6.1
1.8,1.705
0.8,0.84
1.3,1.312875
9.9,9.925
2.6,2.485
3.6,4.875
1.5,1.54
1.4,1.42
1.8,1.835
0.7,0.71
0.7,0.7
8.4,8.61
1.4,1.415
2.8,2.915
6.1,5.885
1.8,1.96
0.7,0.68
3.2,3.22
1,1.08
1.3,1.265
1.8,1.705
2.3,2.305
2.5,2.61
4.4,4.36
1.3,1.316
2.1,2.16
0.7,0.735
2.1,2.005
0.6,0.665
4.7,4.755
0.7,0.73
2,1.975
8.7,8.675
2.5,2.515
3.2,3.23
1.6,1.635
12.2,11.885
0.6,0.58
0.7,0.795
0.8,0.765
2.9,2.935
1.5,1.535
0.7,0.665
3.5,3.47
4.7,4.495
2.4,2.34
14,12.54
1.7,1.785
1.4,1.38
1.8,1.845
3.2,3.16
1.3,1.35
1,0.985
0.6,0.625
2.3,2.435
4,3.965
3.5,3.345
4.5,4.425
1.4,1.33
1.4,1.385
6,5.94
2.4,2.45
7.8,7.535
4.9,4.955
1.7,1.6
0.9,0.865
0.9,0.905
0.6,0.6
6.9,6.74
1.4,1.42
1.7,1.68
3.1,2.57
2.2,2.205
4.9,4.81
1.5,1.73
0.8,0.8
1.2,1.215
1.3,1.325
6.5,6.33
1.5,1.505
2.2,2.22
2.3,2.32
0.5,0.54
0.8,0.785
3,3.05
0.7,0.673069444
0.6,0.685
6.5,6.395
0.7,0.665
2,1.86
2.4,2.425
2.1,2.225
0.9,0.895
0.7,0.835
7.8,7.945
1.8,1.82
1.8,2.21
3.1,3.05
1.2,1.235
3,3.03
5.4,5.48
0.5,0.495
4.5,4.785
3.5,3.615
2.8,2.78
0.4,0.425
0.9,0.9
2.7,2.48
1.1,1.1
3.2,3.21
3,2.94
0.8,0.8
1.5,1.445
2,2.06
0.7,0.695
1.5,1.505
4.6,4.94
1.4,1.42
1.2,1.295
1.2,1.17
2.1,2.21
3.6,3.75
3,2.979190476
6.4,6.56
1.2,1.215
2.4,2.45
5.2,5.39
1.8,1.72
2.1,2.13
1.7,1.69
1.4,1.44
3.5,3.62
2.9,2.99
5.6,5.715
0.9,0.95
2.3,2.295
1.5,1.52
1.2,1.25
1.6,1.72
1.4,1.405
3,3.31
14.2,14.45
5.1,5.18
2.2,2.23
3.3,3.16
1.7,1.705
1.9,1.995
1.5,1.465
0.8,0.79
4.2,4.385
2.1,2.049583333
1.2,1.2
2.4,2.4
3.1,3.08
3,3.045
0.7,0.67
3.2,3.175
1.4,1.39
5.8,5.435
22.4,23.68
3.2,3.17
1.8,2.01
3.5,3.07
9.8,9.69
3,2.75
2.1,2.14
2.3,2.34
7.6,7.76
0.8,0.81
0.9,0.9
3.7,3.89
1.9,1.85
1.3,1.274166667
1.8,1.945
0.6,0.625
0.8,0.845
11.9,11.865
1.1,1.09
0.8,0.825
6.7,6.965
11.2,11.19
0.5,0.475
1.9,2.03
1.4,1.4
2.7,2.71
0.5,0.535
1.6,1.595
1.2,1.2
2.1,2.12
1.5,1.465
0.6,0.628875
2.1,2.255
5.3,5.52
1.7,1.725
0.5,0.560857143
1.2,1.275
1.2,1.225
0.6,0.6
1.1,1.15
0.7,0.72
2.1,2.135
1.1,1.09
1.2,1.125
2.5,2.38
1.6,1.657416667
2.5,2.435
3.5,3.435
0.5,0.51
4.9,4.93
2.5,2.5
0.6,0.635
1.5,1.49
1.2,1.13
1,1.04
11.4,10.435
2,1.975
2,2.013333333
1.8,1.845
3,3.04
1,0.955
2.1,2.095
3,3.03
0.9,0.905
2.7,2.715
1.6,1.81
2.5,2.505
1.2,1.215
8.9,8.895
1.6,1.56
0.6,0.631666667
4,3.96
2.3,2.335
0.7,0.69
2.8,2.845
2,1.85
0.5,0.56
1.1,1.14
1.9,1.955
0.5,0.5
1.9,1.89
2.8,2.92
3.4,3.37
2.6,2.54
0.8,0.725
1,0.995
1.5,1.425
3.4,3.375
2.1,2.15
1.2,1.2
10,10.07
1.3,1.31
1.7,1.62
1.2,1.196666667
3.6,3.56
4.1,4.02
9.9,9.61
0.8,0.765
1.6,1.585
1.3,1.33
2.9,2.91
0.6,0.59
1.3,1.34
0.9,0.835
3.1,3.12
0.9,0.925
0.8,0.745
2.7,2.845
4.2,4.17
3,2.87
2.4,2.515
2.2,2.22
5.2,5.175
1,0.989166667
3.7,3.8
0.5,0.5
3.4,3.43
1,0.98
2.9,2.745
1.6,1.59
6.5,6.465
2.7,2.82
1.4,1.44
0.6,0.59
2.4,2.43
3.5,3.48
5.2,5.215
13.1,12.66
2.3,2.33
2.5,2.52
7.4,7.445
4.2,4.365
0.6,0.635
2.8,2.915
1.5,1.515
1.7,1.655
4.1,4.11
2.1,2.195
0.7,0.69
6.8,6.89
0.8,0.775
7.2,7.37
2.8,2.925
1.3,1.305
6.1,6.025
1.3,1.33
17.1,17.01
3.3,3.34
2,2.055
0.5,0.55
1.9,1.88
9.6,9.485
0.9,0.885
1.3,1.295
1,1.005
0.6,0.661666667
0.8,0.815
5.1,5.01
2.5,2.405
1.3,1.245
4,4.355
1.4,1.425
1.1,1.075
1.3,1.265
0.6,0.635
0.7,0.745
2.8,2.79
1.1,1.065
10.5,9.495
1.4,1.455
0.9,0.825
2.9,2.97
1.1,1.05
1.5,1.515
1.2,1.195
8.5,8.44
3.2,3.7
0.8,1
1.8,1.685
1.4,1.455
1.2,1.22
2.4,2.38
1.5,1.42875
1,0.99
5.7,5.545
1.4,1.385
0.9,0.965
1.3,1.315
5.8,5.535
0.6,0.585
1.2,1.25
0.7,0.725
1.5,1.565
2,1.995
3.8,3.83
2.2,2.22
1,1.01
3.7,3.615
5.8,5.75
2.6,2.575
10.3,10.43
1.4,1.425
1.1,1.075
1,0.99
1.4,1.425
1.9,1.91
2.2,2.22
1.3,1.235
1.7,1.705
1.5,1.515
2.3,2.205
2.4,2.47
1.1,1.07
3,2.92
1.8,1.75
1,1.09
4.3,4.15
1.1,1.255
1.3,1.309166667
3.3,3.24
2,1.96
9.2,8.525
2.2,2.225
1.1,1.065
2.8,2.795
4.5,4.52
0.8,0.82
3.1,3
3.1,3.38
1.9,1.996666667
1.7,1.665
3.3,3.45
1,1.005
4,4.18
2.1,2.11
7.3,7.26
0.4,0.43
6.3,6.195
7.3,6.575
0.4,0.4
0.8,0.74
2.3,2.375
4.4,4.405
2.8,2.81
0.6,0.635
2.9,2.86
6.9,6.92
1.2,1.18
2.7,2.66
7.3,8.19
1.9,1.945
1.3,1.37
4.9,4.925
3.1,3.09
2.7,2.735
1.2,1.23
1.1,1.14
2.3,2.37
0.9,0.97
1.9,1.925
1,1.04
7.4,7.355
8.6,9.15
5.1,5.015
1.2,1.155
1.8,1.785
0.9,0.875
0.6,0.6
4.9,4.945
1,0.94
4.1,4.21
1.3,1.29
2.3,2.33
6,5.995
25.5,21.35
1.4,1.39
6,6
2.5,2.52
4.2,4.72
3.6,3.635
2.4,2.345
1.8,1.78
2.9,2.865
1.5,1.64
4.6,4.56
1.8,1.84
2,1.82
1.4,1.465
1.6,1.69
0.9,0.875
2.3,2.325
4.3,6.885
4,3.6
3.4,3.29
17,12.095
0.7,0.785
0.8,0.855
1.4,1.41
1.7,1.71
1.6,1.665
1.5,1.35952381
0.8,0.81
2.4,2.385
1.7,1.665
2,1.975
1.8,1.78
1.1,1.12
1.4,1.4
1.5,1.515
1,0.995
1.3,1.595
5.2,5.09
7.3,5.865
4,3.97
1.9,1.825
1.4,1.345
3.1,3.1
0.6,0.575
5.9,5.415
5.3,5.1
7.1,6.87
1.4,1.43
2.2,2.21
0.6,0.615
2.5,2.69
4.1,3.94
6.6,6.54
8.7,8.585
1.9,1.87
1.7,1.657416667
0.7,0.715
0.5,0.53
2.3,2.28
0.9,0.9
3.2,3.305
0.7,0.695
1.6,1.586333333
2,1.945
0.5,0.505
1.2,1.25
2.8,2.825
1.9,1.825
2,2.075
1.5,1.49
4.6,4.75
1.6,1.625
3.1,3.12
1.7,1.73
3.9,3.945
4.9,4.965
2,2.075
1.3,1.32
2,1.955
2.2,2.37
2.2,4.095
3.3,3.305
2.1,2.095
4.3,4.21
1.3,1.345
0.9,0.94
0.8,0.81
2.3,2.28
1.4,1.395
1.6,1.53
6,5.985
0.4,0.425
7.9,7.41
2,1.985
1.4,1.415
0.8,0.84
3.8,3.84
5.8,5.705
12.9,12.025
2.5,2.645
1.5,1.485
3.6,3.965
1.8,2.065
1,0.96
1,1.02
0.9,0.875
1.9,1.875
2.5,2.51
1.4,1.385
9.7,9.475
1.6,1.67
5.4,5.46
6,6.275
3.6,3.285
2.9,2.885
0.7,0.665
5.8,5.73
8.8,9.42
1.2,1.195
10.7,10.995
3,3
0.6,0.59
3.6,3.44
0.5,0.535
1.4,1.375
0.7,0.72
0.8,0.805
2,2.145
2.1,2.07
0.9,0.965
2.8,2.745
1.2,1.31
1.2,1.2
1.1,1.06
8.2,8.39
12.5,14.015
2.5,2.345
0.6,0.585
2.3,2.3
2.7,2.79
1.7,1.74
1.3,1.38
2.3,2.275
2.7,2.87
1.4,1.45
2.7,2.69
2.2,2.345
1.4,1.44
2,1.955
2.9,2.96
1.4,1.405
4.3,4.445
1.5,1.44625
1.3,1.325083333
8.8,9.695
3,3.015
0.9,0.92
2.9,3.055
1.8,1.75
1,1.015
0.7,0.665
0.8,0.775
1.7,1.705
0.8,0.845
2.3,2.41
4.2,4.31
2,2.025
1.6,1.585
7.3,9.555
1.5,1.67
5.1,5.035
0.7,0.645
5.6,5.745
2.9,2.855
1.8,1.77
0.6,0.567166667
0.7,0.745
3.8,3.83
1.6,1.575
1.6,1.745
3.5,3.58
1.3,1.265
0.6,0.6
1.9,2.265
14.9,12.405
1.1,1.11
2,1.99
1.7,1.72
0.4,0.47
1.3,1.342083333
0.6,0.615
1.9,2.045
0.5,0.5
1.5,1.565
1.3,1.325
2.2,2.165
2,1.91
2.5,2.5
2.2,2.225
0.6,0.590857143
1.2,1.254583333
0.8,0.8
1.1,1.12
0.8,0.795
1.3,1.305
0.6,0.615
3.7,3.635
2,1.905
2.5,2.74
7.4,7.215
1.7,1.685
0.6,0.68
0.6,0.59
1,1.05
1.2,1.1975
2,2.03
0.6,0.61
1.8,1.88
1.8,1.75
4.2,4.13
3.1,2.84
8.9,7.19
1.9,1.84
2.7,2.635
4.4,4.3
0.6,0.625
2,2.105
9.1,8.9
2.9,3.16
2.6,2.66
2.2,2.285
2.9,4.045
1.2,1.215
2.8,3.465
4.8,4.81
2.6,2.6
0.7,0.73
3.6,3.41
1.2,1.2
3.7,3.665
1.1,1.14
6.9,7.01
5.9,6.085
3.8,3.78
2.5,2.53
1.8,1.8
1.3,1.345
0.8,0.793
1,0.905
3.6,3.69
2.8,2.835
0.7,0.7
0.9,0.88
5,4.96
2.3,2.35
2,2.03
0.8,0.839666667
2.8,2.765
0.6,0.575
1.1,1.15
0.9,0.89
2.7,2.705
2.7,2.745
4.1,4.09
9.6,9.43
17.3,16.97
2,2.105
1.2,1.2
1.2,1.17
1.7,1.7
1.8,1.775
1,1.02
6.4,6.235
1.3,1.37
0.6,0.605
4.1,4.105
1.4,1.395
2.1,5.515
1.1,1.06
0.8,0.796666667
1.2,1.225
3.3,3.28
5.9,6.26
4,4.215
2.2,2.335
1,1.005
1.2,1.2825
3,2.885
1.3,1.303
1.8,1.83
5.9,5.9
2.4,2.425
1.7,1.73
2.6,2.48
1.6,1.605
0.7,0.735
1.7,1.7
1.7,1.71
2,1.945
3.1,2.9
1.2,1.2275
0.9,0.915
3.9,3.99
1.3,1.3
4,3.695
1.4,1.435
0.9,0.935
1.8,1.76
14.5,14.06
1.3,1.265
2.6,2.895
1.9,2.07
2,1.985
0.5,0.5
1.3,1.32
3.1,3.06
1.9,1.835
2.2,2.195
2.2,2.215
0.8,0.795833333
0.9,0.915
1.3,1.41
0.8,0.8
0.8,0.855
1.6,1.555
2,1.99
1.4,1.348188492
2.8,2.88
1.4,1.38
1.8,1.795
2.2,2.185
2.8,3.045
0.8,0.785
2.7,2.675
1.8,1.695
4.5,4.26
3.2,3.27
1.3,1.303333333
0.9,0.835833333
4,3.91
2.2,2.22
2,1.97
1.3,1.305
0.8,0.875
1.6,1.675
0.7,0.7
1.3,1.35
1.5,1.405
17.3,16.25
2,2.025
0.5,0.49
2,1.99
1.4,1.41
1.7,1.725
2,2.005
4,4.04
4.3,5.685
11.6,11.445
1.4,1.365
0.9,0.92
1.3,1.505
5.8,5.925
4.5,4.485
15.6,19.1
1.5,1.575
1.3,1.355
0.7,0.69
6.7,6.795
1.8,1.81
2.8,2.64
2.1,2.325
0.5,0.56
3.4,3.4
3.2,3.26
1.2,1.255
4,3.77
1.5,1.495
2.4,2.51
2.5,2.525
25.3,25.76
2.4,2.405
2.7,2.79
1.2,1.211666667
1.3,1.3
1.6,1.625
1,1.005
1.7,1.675
1,1.04
1.7,1.65
6.1,6.07
4.6,4.51
1.2,1.215
2.6,2.53
1.2,1.205
1.7,1.51
1.8,1.95
0.9,0.95
1.6,1.615
1.2,1.385
5.9,6.015
1.9,1.835
0.8,0.81
3.9,3.455
0.5,0.5
2,1.91
1.1,1.05
1.4,1.48
8.2,8.19
1.5,1.53
1.6,1.58
4.5,4.63
1.4,1.375
3.6,3.68
1.7,1.785
8.7,9.15
0.5,0.49
3.7,3.7
0.6,0.61
0.8,0.8
1.5,1.475
1,1.01
1,0.95
8.1,8.045
0.8,0.8
4.6,4.615
1,1
18.2,15.82
8.4,9.255
0.6,0.6
1.9,1.95
1.5,1.47
2.7,2.785
3.9,4.06
2.8,2.805
2.2,2.3
2.5,2.92
1.6,1.575
0.9,0.905
2,1.985
1.1,1.1125
2.7,2.715
0.8,0.83
1,0.985
1.1,1.125
1.9,1.965
13.2,13.715
0.9,0.91
1.2,1.155
1.1,1.08
1.6,1.595
2.7,2.665
0.8,0.735
1.3,1.315
2.3,2.275
0.7,0.725
3.1,3.055
3.4,3.4
1.7,1.71
2.8,2.835
1.8,1.83
0.5,0.567166667
1.2,1.19
1,0.935
0.6,0.64
4,3.98
0.7,0.68
2.9,2.98
5.3,5.21
1.5,1.57
1.4,1.415
3.9,4.05
2.5,2.44
2.1,2.11
1,1.06
1,1.09
1.2,1.395
2.2,2.085
0.6,0.59
2.7,2.74
4.1,3.595
2.5,2.525
1.9,1.885
3.8,3.87
2,1.975
1.8,1.855
1.2,1.23
3.2,3.155
3.6,3.7
2.2,2.19
4.7,4.755
1.4,1.39
1.4,1.435
2.6,2.47
1.3,1.505
1.8,1.815
1.2,1.23
1.3,1.23
0.6,0.61
1.6,1.615
0.4,0.415
5,4.925
0.6,0.585
2.5,2.52
2,1.965
2.5,2.515
1.3,1.295
1.6,1.575
2.7,2.685
1.8,1.755
1.5,1.51
4.7,4.85
2,2.028333333
4.4,4.38
1.5,1.535
8.5,8.305
1.1,1.11
1.4,1.445
4.3,4.4
3.9,4.105
4.5,4.385
1.1,1.07
4.9,4.935
1.6,1.675
1.3,1.28
5.1,5.055
9.4,8.97
2.6,2.63
0.7,0.67
1.2,1.21
1.9,1.96
0.7,0.71
1.8,1.85
1.7,1.735
1.8,1.805
1,1.015
8,8.29
3.3,3.47
16.8,16.34
1.2,1.605
1.5,1.5
1,0.97
0.8,0.8
2.8,2.665
1,1.03
4.1,4.145
1.4,1.38
8.1,8.145
1.1,1.14
0.8,0.745
1.8,1.78
7.2,10.36
2.8,3.02
2.2,2.28
1.7,1.685
3.9,3.935
1.3,1.19
2.2,2.12
1.5,1.41
1.6,1.57
2.2,2.225
1.7,1.65
1.7,1.67
0.9,0.93
1.1,1.125
8.6,9.475
0.8,0.78
4,4.44
0.9,0.905
5.3,5.075
2,1.91
2.7,2.77
2.1,1.975
2.4,2.275
2.1,2.465
0.9,0.89
1.1,1.125
1.7,1.765
1,1.045
1.2,1.16
1.7,1.695
1.4,1.41
1.8,1.795
12.6,12.705
2.2,2.17
1.4,1.435
1.4,1.4
2.3,2.29
1,0.98
1.1,1.0455
2.3,2.245
1.1,1.055
0.8,0.86
0.8,0.79
1.4,1.465
0.7,0.695
1.7,1.7
0.9,3.195
1.9,1.895
4.9,4.8
1.8,1.875
2.9,2.98
2.9,2.93
2,2.04
13.6,14.245
3,3.015
0.4,0.415
0.7,0.695
1.4,1.350833333
1.1,1.15
3.2,2.89
0.8,0.815
2.2,2.155
3.4,3.42
1,0.88
2.1,2.065
3.2,3.135
1.7,1.795
1.4,1.415
0.8,0.8
1.9,1.96
0.7,0.695
2.2,2.225
1.4,1.368333333
9.1,9.115
5.9,5.91
1.4,1.42
2.4,2.43
1.6,1.63
13.2,12.43
2.8,2.72
2.5,2.51
7.8,7.105
3,2.94952381
3.1,3.115
2.4,2.495
3.6,2.98
6.5,6.25
9.4,9.415
1.2,1.21
8.1,7.725
1.6,1.64
14.6,13.725
0.5,0.5
5.7,5.35
1.3,1.285
3.1,3.09
0.4,0.475
1.6,1.552083333
0.9,0.92
0.9,0.86
3.6,3.8
1.5,1.449559524
6.4,6.285
2.8,2.755
45.8,37.74
1.9,1.86
1.7,1.685
2.7,2.665
6.2,6.34
26.6,25.31
1,0.995
20.6,18.575
3.1,3.06
1.9,1.94
0.8,0.785
1.5,1.54
11.7,11.16
0.7,0.73
5.5,5.645
2.3,2.325
0.8,0.83
0.9,0.95
1.7,1.695
0.7,0.725
1.2,1.24
1.2,1.16
3.2,3.105
9.4,10.94
2.1,2.095
4.6,4.72
1.3,1.295
5.6,5.54
7.2,7.965
5.8,5.835
1.1,1.095
0.6,0.645
1.5,2.375
2.8,2.78
1.8,1.785
1.5,1.575
1.4,1.4
0.7,0.71
3.5,3.49
1.5,1.48
1.1,1.13
0.9,0.95
1.3,1.365
2.8,2.725
3.2,3.41
11.7,11.63
1,1.015
1.4,1.35
1.3,1.285
1.1,1.105
4,3.945
2.4,2.34
0.6,0.625
1.3,1.35
2.7,2.62
0.7,0.665
2.3,2.305
4,3.89
2.4,2.365
3.5,3.565
2.1,2.095
1.3,1.29
1,0.95
3.3,3.29
1.8,1.805
1.4,1.33
1.8,1.8
1.2,1.255
2,1.825
4.8,5.535
3.3,3.28
0.7,0.715
1.2,1.275
15.4,15.37
1.5,1.51
1.1,1.115
0.4,0.45
8,8.37
2.4,2.46
6,6.03
2.2,2.25
2.4,2.4
0.8,0.74
1.8,1.855
1.4,1.41
2.5,2.46
0.8,0.81
1.2,1.15
1.1,1.125
0.5,0.51
2.4,2.45
0.9,0.815
0.8,0.815
1.4,1.495
2.1,2.09
1.1,1.1
3.4,3.405
2,1.93
1.6,1.61
0.9,0.905
2.1,2.205
0.7,0.664
3.3,3.255
2.3,2.455
1.3,1.3
1,1.025
1.8,1.83
2.6,2.63
4.3,4.35
0.5,0.485
3.4,3.035
3.5,3.335
2.3,2.29
1.4,1.4
3.6,3.44
0.6,0.605
2.8,2.915
2.2,2.19
2,2.02
2.8,2.825
2.5,2.42
4.7,4.69
2.8,2.86
2.6,2.56
2.4,2.37
0.9,0.845
9.3,9.88
10.8,8.725
2.1,2.075
1.2,1.235
1.1,1.155
0.6,0.595
6.6,6.405
1.3,1.29
1.4,1.43
1.3,1.38
1.5,1.485
3.2,3.33
3.3,3.27
1.1,1.185
0.8,0.8
1.3,1.325
1.7,1.73
1.5,1.55
3.6,3.695
1.4,1.375
2.1,2.04
2.5,2.61
1.1,1.11
5.5,5.395
2.3,2.445
1.4,1.36
0.9,0.925
3.1,3.09
0.6,0.605
2.9,2.785
1.9,1.94
1.4,1.375
0.8,0.8925
0.4,0.485
1.7,1.7
1.6,1.591666667
2.4,2.48
1.4,1.375
0.5,0.52
0.6,0.635
0.8,0.785
2,2.005
12.2,12.21
2.7,2.675
0.6,0.58
2.1,2.07
2.4,2.425
2.6,2.64
2.7,2.795
2.9,2.935
1.2,1.235
1.4,1.44
2.1,2.095
1.7,1.7
11.8,12.54
2,2.11
1.5,1.540416667
7.1,7.05
1.3,1.31
6.4,6.24
5.3,5.355
1.9,2.03
5.1,5.1
1.2,1.205
4.9,4.575
4.7,4.58
1.6,1.540416667
2,2.045
5.6,5.805
1.8,1.725
1.4,1.49
2.2,2.055
1.9,1.93
1.3,1.325083333
3,3.01
1.6,1.64
3,3.01
7.2,7.135
2.6,2.57
1.4,1.41
2.5,2.46
1.3,1.325
0.7,0.67
3.1,3.089166667
0.8,0.76
8.1,7.875
1.7,1.72
2,2.125
3.7,3.66
4,3.985
1.2,1.32
1.9,1.93
1.1,1.125
13.9,12.55
12.9,12.06
0.7,0.673069444
1.7,1.66
2.1,2.085
2.5,2.49
1.7,1.695
3.1,3.105
4,3.98
2.1,2.165
1,0.98
4.5,4.44
2.4,2.39
0.9,0.790833333
1.8,1.705
1.3,1.3
1.7,1.595
1.7,1.69
0.8,0.76
0.6,0.595
2,1.99
1,1.025
0.9,0.954166667
1.6,1.69
2.6,2.515
2.8,2.945
0.8,0.855
1.8,1.86
1.1,1.1
2.3,2.255
0.7,0.745
1.9,1.905
4,3.945
2.6,2.595
2.7,2.86
1.4,1.405
5.1,5.22
0.5,0.49
2,2.055
1.7,1.54
0.6,0.595
1.4,1.37
0.5,0.485
0.5,0.52
10.4,10.475
2.3,2.465
4.3,3.745
1.7,1.72
1.1,1.07
1.2,1.1975
1.4,1.355
4,3.895
1.5,1.535
0.7,0.675
0.7,0.69
1.4,1.37
14.2,13.01
2,1.8
2.2,2.17
5.8,5.945
2.9,2.93
1.5,1.475
1.1,1.115
3.9,4.095
1.3,1.296666667
5.6,6.375
0.8,0.775
1.4,1.405
3.1,3.085
3.6,3.455
22.7,23.94
3.7,3.565
0.6,0.58
0.7,0.790833333
10.7,9.815
2.2,2.215
3.8,3.88
1.7,1.765
1.6,1.6
2.2,2.26
5.6,5.565
1.3,1.348188492
2.2,2.185
7.3,8.425
8.2,8.295
1.3,1.285
1.2,1.14
1.6,1.57
0.7,0.69
0.6,0.6
4.2,4.555
1.7,1.7
1.7,1.755
1.8,1.75
0.7,0.69
2,2
2.1,2.125
4.1,4.08
1.3,1.35952381
1.2,1.23
1.6,1.545
0.8,0.76
2,2.03
1.4,1.395
0.8,0.836666667
3.7,3.765
1.9,1.85
0.6,0.605
0.8,0.785
2.1,2.1
2,1.95
1.3,1.315
1.9,1.91
13.1,12.185
0.9,0.915
1.8,1.72
12,11.54
4.4,4.98
1,1.02
2,1.615
26.3,23.365
5.2,5.175
2.9,2.82
1.6,1.59
0.9,0.885
1.1,1.115
1.3,1.305
0.9,0.955
2.8,2.715
1.3,1.255
1.5,1.5
0.5,0.55
1.4,1.342083333
0.7,0.715
1.1,1.059166667
2.1,2.06
0.9,0.89
0.7,0.785
6,6.005
1.4,1.435
1.3,1.265
2.4,2.43
16.5,16.3
4.6,4.775
4.4,4.08
0.8,0.815
1.2,1.155
1.7,1.67
1.4,1.405
1.2,1.205
3.7,4.02
0.6,0.63
3.2,3.225
9.8,9.085
1.5,1.45
0.8,0.835833333
0.7,0.69
1.4,1.435
7.1,7.415
2.1,2.0925
2.6,2.575
4.1,4.285
0.6,0.62
2.4,2.425
1.6,1.555
0.9,0.895
3,2.935
2,2
4.1,4.61
1.6,1.645
0.9,0.905
1.1,1.115
2.6,2.51
2,1.97
1.2,1.198333333
0.8,0.8
1.4,1.455
0.7,0.715
21,19.91
8.3,8.575
3.5,3.41
2.5,2.435
1.6,1.605
7,8.585
1.7,1.6
1.3,1.22
1.3,1.264166667
2.9,2.905
1.2,1.135
2.4,2.37
0.7,0.655
3,3.015
6.9,7.15
1.1,1.095
3.5,3.415
0.5,0.52
3.3,3.34
2.6,2.65
1.1,1.195
0.7,0.73
1.3,1.28
1.8,1.97
1.7,1.71
0.7,0.7
2.3,2.345
12.3,11.73
4.1,4.155
0.9,0.97
1.4,1.435
2.1,2.215
2.2,2.23
2.2,2.19
4.4,4.355
0.9,0.9
2.4,2.4
3.2,3.25
3.2,3.2
3.2,3.215
1.7,1.72
1.7,1.67
1.4,1.3775
0.9,0.915
1.8,1.8
2.7,2.795
1.3,1.32
1.3,1.305
2.2,2.235
2.3,2.31
1.7,1.7
2.6,2.61
0.6,0.62
1.1,1.095
1.3,1.24
4.5,3.845
0.8,0.835
2.3,2.185
2.2,2.19
2.8,6.06
1.4,1.425
1.5,1.520833333
1.4,1.37
2.9,2.835
1.4,1.42
2.1,2.18
7.7,7.59
5.3,5.165
0.9,0.9
1.6,1.61
1.7,1.74
5.8,5.5
1.7,1.665
1.7,1.635
2.3,2.335
2.2,2.19
0.7,0.725
3.4,3.395
1.3,1.348188492
1.6,1.6
5,4.88
16.4,14.515
7,6.725
2.2,2.165
1.3,1.278333333
1.9,1.845
2,2.035
1.6,1.53
4.6,4.62
2,1.93
1.3,1.255
0.8,0.83
2.9,2.84
0.6,0.625
1,1.035
5,5.065
1.5,1.552083333
1.9,1.88
1.7,1.73
0.9,1
0.8,0.785
0.7,0.75
1.6,1.62
2.2,2.43
2,2.035
0.8,0.795
3.3,3.235
1.7,1.6045
1.9,1.95
1.5,1.475
1.5,1.515
1.3,1.27
1.4,1.4
6.2,5.925
1.1,1.095
3.7,3.71
2,2.02
3.1,3.13
3,3.025
0.7,0.7
5.6,5.52
7.1,6.98
4.2,4.18
8.9,8.875
1.6,1.595
1.3,1.355
2.9,2.85
4.5,4.935
1.2,1.215
3.3,2.965
1.2,1.135
2.2,2.14
5.3,5.17
1.5,1.54
1.1,1.08
1.4,1.415
0.8,0.79
2.6,2.61
3.4,3.365
1.4,1.38
42.4,35.525
4.1,4.375
1.4,1.42
0.7,0.73
1,1.0375
1.2,1.2
2.2,2.175
1.7,1.745
2,2.02
1.3,1.51
3,3.0175
9.8,9.65
1.4,1.395
2.8,3.115
0.8,0.815
4.5,4.2
2.2,2.195
1.7,1.64
1.3,1.35
2,1.94
4.5,4.605
1.5,1.495
13.4,14.64
2.3,2.48
0.7,0.69
11.5,11.775
0.7,0.74
4.7,4.375
1.5,1.61
0.9,0.945
3.5,3.635
0.6,0.595
10.5,11.83
1,1.02
0.8,0.84
0.9,0.875
1.8,1.69
0.8,0.849166667
2.7,2.685
1.4,1.44
0.8,0.8
1.9,1.82
1.4,1.375
1.3,1.31
1.3,1.2425
3.8,3.855
0.6,0.66
1.2,1.28
0.6,0.59
3.2,3.13
0.8,0.835
15,14.235
0.7,0.725
1.8,1.805
2.4,2.39
4.4,4.4
0.7,0.725
1.9,1.7575
5.6,5.215
1.6,1.65
12.7,11.655
0.5,0.55
3.5,2.965
3.9,4.07
1.8,1.85
1.7,1.685
2.3,2.43
2.4,2.465
0.6,0.62
2.6,2.655
2.1,2.145
1.6,1.58
1,1.01
1.1,1.07
2,2.11
1.9,1.865
1.4,1.38
0.5,0.555
1.6,1.595
2.5,2.43
1.1,1.125
1.4,1.365
16.5,17.08
1.4,1.345
12.6,12.29
1.6,1.573333333
0.5,0.56
0.9,0.905
1.5,1.565
1,0.955
3.2,3.155
2.1,2.12
1.3,1.309166667
1.4,1.41
1.7,1.615
1.6,1.615
2.5,2.525
1.6,1.585
2.5,2.48
2.5,4.225
2.4,2.28
0.8,0.84
1.5,1.49
1.1,1.185
1.2,1.26
1.1,1.085
3.8,5.21
1.7,1.605
0.6,0.719166667
3.5,3.435
5.2,5.435
4.9,4.915
0.8,0.82
1.4,1.435
5.4,5.355
1,1.075
3.6,3.74
0.6,0.61
0.6,0.58
1.4,1.348188492
1.3,1.3
2,2.07
1.3,1.21
1.4,1.42
0.7,0.673069444
6.1,6.255
1.3,1.255
1,1.65
5,4.65
1.4,1.425
1.8,2.1
1.3,1.37
1.4,1.425
2.8,2.875
1.1,1.12
0.8,0.795
1.7,1.67
27.9,29.92
1.6,1.63
2.8,2.595
1.9,1.865
0.7,0.71
1.4,1.415
1,1.025
2.6,2.57
2.9,3.1
4.5,4.56
5.8,5.76
2.8,2.86
1.2,1.275
0.7,0.751666667
2.1,2.02
1.3,1.2675
2.9,2.82
5.1,5.055
1.4,1.385
1.2,1.21
1.2,1.2
1.6,1.565
1.1,1.14
5,4.78
0.5,0.525
1.6,1.585
1.5,1.543333333
1.4,1.405
0.7,0.69
3.6,3.59
0.9,1.035
9.5,13.39
1.6,1.56
0.5,0.563
1.6,1.565
0.5,0.575
1.7,1.86
2.7,2.715
29.1,29.405
0.6,0.605
2.2,2.865
1,0.9625
1.7,1.71
2.2,2.215
1.6,1.605
1.7,1.72
0.7,0.675
1.5,1.55
3.7,3.59
2.7,2.495
0.7,0.65
2.1,2.11
0.8,0.855
15.3,14.745
1.6,1.583
3.1,3.03
2.8,2.805
1.4,1.385
1.3,1.24
3.5,3.57
6.9,7.59
0.7,0.68
1.4,1.485
0.6,0.655
1,0.985
1.3,1.31
0.8,0.735
2.8,2.8
0.5,0.51
2.6,2.625
8.5,8.905
1.4,1.485
2,1.975
1,0.979166667
3.8,3.71
5.3,5.475
1.3,1.31
2.2,2.245
9.4,9.82
6.9,6.43
1.8,1.72
0.9,0.915
2.2,2.155
1.6,1.745
5.2,5.29
5.4,5.745
2.8,2.755
2.3,2.47
1.3,1.3
1.3,1.26
4.7,4.52
2.1,2.1
1.5,1.45875
2.3,2.23
3.8,4.25
1,1.03
2.1,2.195
2.3,2.25
1.9,1.99
1.3,1.175
2,2.015
1.8,1.74
4.5,4.235
0.8,0.8
0.6,0.615
2.6,2.57
1.4,1.395
1.8,1.8
0.9,0.97
2.8,4.38
1.6,1.63
2.6,2.64
4.1,4.18
1.4,1.39
9.6,9.5
1.4,1.38
3.1,3.08
1.2,1.26
2.9,3.065
1.7,1.66
0.8,0.765
2.8,2.81
1.9,1.88
1.1,1.105
1.4,1.355
4.6,4.515
4.5,4.755
3.7,3.815
7.9,7.57
3.6,3.565
2.2,2.265
2.4,2.515
16.9,15.955
2.5,2.52
0.8,0.86
4.6,4.95
3,3.045
3.6,3.59
1.9,1.855
2.9,2.915
8.1,8.27
1.8,1.8
1.1,1.095
0.6,0.605
2.9,2.645
2.5,2.69
1.6,1.585
2.6,2.68
2.2,2.235
1.3,1.2975
1.4,1.41
2.3,2.215
2.5,2.585
1,1.026666667
0.8,0.775
1.5,1.515
3.6,3.44
2.1,2.135
2.7,2.8
0.8,0.875
2.4,2.545
3.2,3.1
1.9,1.985
2.3,2.32
1.1,1.11
2.5,2.535
4.1,4.275
1.6,1.605
2.3,2.34
1.7,1.71
1.9,1.895
2,2.005
0.6,0.62
1.8,1.8
1.6,1.635
4.8,5.185
1.1,1.115
1.9,1.885
0.6,0.62
2.7,2.68
1.4,1.395
3,3.075
1.3,1.2975
1,0.98
21.8,19.045
6,5.88
1.5,2.6
4.1,4.12
20,18.56
3.5,3.53
1.7,1.61
0.6,0.635
3.2,3.2
1.7,1.75
4.8,4.88
1.9,1.865
2.1,2.085416667
1.2,1.175
2.7,2.545
1.3,1.335
1,0.995
2.4,2.325
1.2,1.24
2.5,2.51
1.5,1.465
16.5,16.91
1.1,1.12
1.4,1.37
1.1,1.045
1.9,1.71
0.8,0.75
1,0.965
0.9,0.895
0.9,0.839666667
1.7,1.71
3.5,3.465
3.1,3.11
2.8,3.13
7.3,6.7
0.8,0.77
3.5,2.84
2.2,2.25
1.4,1.45
2.6,2.68
1.2,1.24
2.3,2.375
3.1,3.145
2.4,2.59
1.7,1.715
1.4,1.415
0.7,0.71
2.1,1.865
0.8,0.895
1.4,1.49
4.6,4.745
0.7,0.715
0.7,0.73
1.8,1.63
1.5,1.485
1.3,1.25
1.9,1.915
7.4,7.45
1.5,1.505
1.3,1.32
1.1,1.162166667
0.9,0.82
1.8,1.845
1.7,1.605
2.3,2.3
1.9,1.925
1,0.84
5.6,5.495
2.6,2.575
1.8,1.685
0.7,0.705
1.8,1.82
2.9,2.94952381
1.8,1.77
1.1,1.25
2.2,2.23
0.9,0.875
0.6,0.645
3.6,3.205
1.1,1.145
3,3.125
0.8,0.8125
0.9,0.85
3,3.06
0.9,0.905
1.5,1.585
3.6,3.615
1,1.06
1.9,1.98
1.1,1.035
1.4,1.44
0.8,0.77
2.8,2.955
8.2,7.575
8,8.33
0.9,0.9
0.6,0.6
6.6,6.32
0.9,0.91
1.4,1.38
2.4,2.375
1,1.025
1.6,1.515
1.6,1.76
0.5,0.505
0.7,0.715
2.9,2.84
10.5,10.11
1.4,1.43
0.9,0.94
1.3,1.315
2.9,2.83
2,2.095
2.4,2.54
5.2,5.035
1.3,1.275
2.3,2.315
2.4,2.37
1.2,1.25
1,1.11
0.6,0.635
1.3,1.265
0.5,0.59
2.5,2.47
2.2,2.215
2.8,2.865
2.7,2.745
0.5,0.55
2.9,2.94
2.7,3.115
1.3,1.275
23.3,24.01
1.2,1.22
2.2,2.205
6.7,6.275
1.1,1.11
3.6,3.535
0.9,0.87
3.5,3.55
4.1,4.075
2.6,2.53
0.9,0.9025
0.7,0.67
5.9,5.87
4,3.975
2.8,2.81
1.4,1.415
6.2,5.785
1.5,1.48
0.7,0.725
4.3,4.43
2.7,2.78
1.3,1.254583333
0.9,0.925
3,2.525
2.6,2.525
1.7,1.605
2.1,2.085
1.8,1.95
1.5,1.515
1.4,1.515
2.6,2.58
2.2,2.18
1.6,1.64
0.9,0.87
2.1,2.095
4.3,4.245
0.6,0.6
1.2,1.195
1.4,1.365
0.7,0.685
2.2,2.18
8,8.75
3.3,3.34
4.2,3.595
1.1,1.105
0.7,0.73
2,2.015
5.7,6.35
1.1,1.12
1.4,1.435
4.4,4.42
1.3,1.315
0.7,0.76
6.4,6.44
1.5,1.528333333
0.7,0.76
3.7,3.7
5.1,4.8
2.3,2.415
1.2,1.26
2.2,2.62
2,2.09
1.2,1.135
1.3,1.37
4.2,4.195
1.4,1.5145
0.8,0.815
1.6,1.555
14.9,15.4
5.5,5.59
1.2,1.17
0.5,0.5
1.3,1.274166667
1.5,1.475
2.2,2.19
8.6,8.195
3,2.815
2.6,2.63
1.3,1.25
18.2,15.465
1.7,1.685
1.1,1.245
2.3,2.195
1.5,1.515
1.9,2.235
3.4,3.44
1,1.01
0.9,0.995
1.7,1.695
1.3,1.35952381
1.7,1.65
0.5,0.5
3.8,3.86
1.2,1.225
1.3,1.32
1.1,1.125
0.8,0.765
1.4,1.44625
0.9,0.885
1.6,1.595
1.6,1.63
8.3,8.52
2.5,2.535
1.4,1.415
4.2,3.975
0.8,0.785
1.3,1.23
9.2,8.76
3.6,3.52
0.6,0.655
4.5,4.925
3,2.76
6.4,6.175
2.5,3.25
1.7,1.71
3.8,3.755
2,2.035
0.9,0.88
1.4,1.44
4.7,4.7
1.4,1.385
1.1,1.115
3,3.045416667
1.3,1.27
1.9,2.655
4.4,4.175
1.9,1.865
1.8,1.81
0.7,0.675
1,1.005
0.5,0.485
1.5,1.505
0.8,0.74
1.2,1.16
1.7,1.755
1.7,1.73
1.8,1.88
6.1,6.64
2.6,2.61
4.3,4.245
0.9,0.89
1.6,1.95
1.4,1.51
0.8,0.775
2.3,2.32
1.3,1.189333333
2.4,2.315
0.6,0.635
3.3,3.28
1.4,1.41
1,0.99
0.9,0.915
0.7,0.705
1.4,1.385
1.2,1.225
1,0.99
1.3,1.26
1.3,1.32
1,1.04
9.4,9.5
7.2,7.52
2.9,3.055
1.3,1.32
2.1,2.115
1.4,1.895
2.4,2.485
0.9,0.89
11.5,10.975
1.2,1.195
0.9,0.92
0.8,0.8
3.8,3.83
2.5,2.225
4.5,4.145
2.5,2.39
1.8,1.81
1.6,1.61
1.1,1.07
0.8,0.825
1.9,1.92
1.7,1.685
14.9,13.785
2.1,2.075
4.5,4.125
1.3,1.29
1.3,1.348188492
10,13.79
1.6,1.425
20.2,25.41
1.5,1.52
0.9,0.905
0.5,0.5
2,1.77
2.3,2.245
1.6,1.57
2.7,2.67
0.9,0.875
3,3.095
5.3,5.645
8.5,8.575
8.6,8.03
3,3
1.4,1.42
1.1,1.145
0.5,0.5
3,2.725
1.5,1.465
2.2,2.08
2.5,2.355
1.2,1.23
3.5,3.48
1.4,1.415
3,2.995
0.8,0.8
2.4,2.375
1.7,1.735
1,1.005
2.7,2.675
1.8,1.775
1.5,1.43
2,2.07
2.1,1.965
1.9,1.96
3.2,3.15
0.7,0.665
2.6,2.57
1.8,1.77
3.3,3.175
1.8,1.87
1,1.02
1.5,1.5125
0.9,1.055
1.5,1.49
1.8,1.84
2.6,2.565
1.1,1.07
2.6,2.535
3.5,3.555
1.3,1.305
1.4,1.56
9,9.175
1.3,1.285833333
1.8,1.745
1,0.9925
3.3,3.29
1.5,1.495
2.8,2.875
1,1.04
1.5,1.49
2.2,2.205
1.5,1.445
3.1,3.41
0.8,0.825
1.5,1.455
5,4.98
2.2,2.04
1.2,1.205
1.6,1.65
2.4,2.42
1.3,1.225
1.6,1.65
0.9,0.89
1.3,1.311666667
1.8,1.935
2.8,2.795
1.7,1.645
1.2,1.195
4.7,4.76
2,2.035
1.9,1.83
0.8,0.835
1.5,1.47
11,11.085
1.4,1.405
0.5,0.5725
2.9,2.895
0.6,0.560857143
1,0.975
1.6,1.6
3.2,4.32
1.2,1.18
1.3,1.395
2.8,2.505
1.6,1.615
2.2,2.19
1.1,1.07
4.1,5.485
1.8,1.8
2.1,2.1
0.8,0.77
1.5,1.465
5.8,5.905
