SSL(t-1),SSL(t),q(t-1),q(t)
0.5,1.1,1.9,2.7
1.1,0.7,2.7,2.6
0.7,0.4,2.6,2.2
0.4,0.5,2.2,2
0.5,1.2,2,2.7
1.2,1.9,2.7,3.2
1.9,1,3.2,2.4
1,0.9,2.4,2.2
0.9,1.1,2.2,2.6
1.1,1,2.6,2.5
1,1.7,2.5,2.3
1.7,0.6,2.3,2
0.6,0.6,2,2
0.6,1.1,2,2
1.1,0.8,2,2
0.8,0.6,2,1.9
0.6,0.5,1.9,1.9
0.5,0.4,1.9,1.7
0.4,0.5,1.7,1.7
0.5,0.6,1.7,1.8
0.6,0.6,1.8,1.8
0.6,0.7,1.8,2
0.7,18.7,2,8.8
18.7,23.1,8.8,10.8
23.1,6,10.8,5.7
6,2.1,5.7,3.9
2.1,5.4,3.9,5.9
5.4,85.5,5.9,20.6
85.5,96.1,20.6,22.7
96.1,18.9,22.7,11
18.9,5.6,11,7.2
5.6,38.1,7.2,11.6
38.1,20,11.6,11.9
20,13.8,11.9,10.4
13.8,10.2,10.4,9.4
10.2,3.9,9.4,6.8
3.9,3.6,6.8,6
3.6,14.6,6,8
14.6,10.1,8,8.6
10.1,5.7,8.6,7.1
5.7,5.3,7.1,6.5
5.3,4,6.5,6.5
4,2.8,6.5,5.9
2.8,2,5.9,5.2
2,2,5.2,5.2
2,2,5.2,5.1
2,1.8,5.1,4.9
1.8,2.3,4.9,4.9
2.3,1.7,4.9,4.6
1.7,1.7,4.6,4.7
1.7,1.4,4.7,4.3
1.4,1.2,4.3,4.5
1.2,1.2,4.5,4.6
1.2,48,4.6,11
48,98.4,11,22.4
98.4,11.9,22.4,10.9
11.9,5,10.9,8.9
5,5.9,8.9,9.8
5.9,3.6,9.8,8.3
3.6,2.7,8.3,6.9
2.7,2.1,6.9,6.2
2.1,1.9,6.2,5.9
1.9,1.5,5.9,5.8
1.5,1.4,5.8,5.4
1.4,1.3,5.4,5.2
1.3,1.2,5.2,5.3
1.2,1.4,5.3,5.2
1.4,0.9,5.2,5.2
0.9,0.8,5.2,5.2
0.8,0.7,5.2,5.2
0.7,0.7,5.2,5.2
0.7,0.7,5.2,4.9
0.7,0.7,4.9,4.7
0.7,0.6,4.7,4.6
0.6,0.6,4.6,4.5
0.6,0.5,4.5,4.4
0.5,0.5,4.4,4.3
0.5,0.6,4.3,4.1
0.6,0.9,4.1,4
0.9,0.5,4,3.9
0.5,0.5,3.9,3.8
0.5,0.5,3.8,3.7
0.5,0.6,3.7,3.8
0.6,72.1,3.8,12.7
72.1,271.6,12.7,36.7
271.6,53.3,36.7,28.2
53.3,28.9,28.2,20.7
28.9,15.3,20.7,13.4
15.3,10.2,13.4,12.2
10.2,117.3,12.2,27.5
117.3,578.9,27.5,67.5
578.9,82,67.5,42.4
82,30.5,42.4,27.6
30.5,13.9,27.6,18.9
13.9,9.2,18.9,15.3
9.2,8.7,15.3,14.9
8.7,7,14.9,13.2
7,6.1,13.2,11.8
6.1,5.8,11.8,10.7
5.8,4.9,10.7,9.8
4.9,4,9.8,9.6
4,4.1,9.6,9.3
4.1,3.2,9.3,9.1
3.2,2.6,9.1,8.2
2.6,2.1,8.2,7.4
2.1,2.2,7.4,6.8
2.2,2,6.8,6.5
2,1.8,6.5,6.3
1.8,1.7,6.3,6
1.7,1.6,6,5.8
1.6,1.6,5.8,5.6
1.6,1.4,5.6,5.7
1.4,45.4,5.7,12.9
45.4,16.1,12.9,11.7
16.1,7.5,11.7,10
7.5,3.7,10,8
3.7,2.9,8,7.1
2.9,2.5,7.1,6.5
2.5,20.4,6.5,8.4
20.4,31.4,8.4,12.2
31.4,4.5,12.2,9.2
4.5,2,9.2,7.9
2,2.5,7.9,7.3
2.5,1.9,7.3,6.6
1.9,1.8,6.6,6.3
1.8,1.2,6.3,6.1
1.2,1.1,6.1,5.7
1.1,1.1,5.7,5.4
1.1,1.1,5.4,5
1.1,0.9,5,4.7
0.9,0.7,4.7,4.5
0.7,0.6,4.5,4.3
0.6,0.6,4.3,4.1
0.6,0.6,4.1,3.9
0.6,0.6,3.9,3.8
0.6,1,3.8,4
1,1,4,4
1,0.8,4,3.8
0.8,0.6,3.8,3.5
0.6,0.6,3.5,3.4
0.6,0.7,3.4,3.5
0.7,0.6,3.5,3.4
0.6,2.9,3.4,3.3
2.9,3.1,3.3,3.2
3.1,1.6,3.2,3.2
1.6,2.8,3.2,3.4
2.8,1.4,3.4,3.7
1.4,2.8,3.7,4
2.8,0.9,4,4
0.9,1.3,4,4.2
1.3,1.8,4.2,4.6
1.8,1.7,4.6,4.9
1.7,2.9,4.9,5.3
2.9,4.5,5.3,5.6
4.5,3.5,5.6,5
3.5,2.2,5,4.1
2.2,1.8,4.1,3.7
1.8,1.7,3.7,3.5
1.7,1.7,3.5,3.5
1.7,1.6,3.5,3.4
1.6,1.3,3.4,3.2
1.3,1.3,3.2,3.2
1.3,1.2,3.2,3.1
1.2,1.2,3.1,3
1.2,1.1,3,3
1.1,1,3,2.9
1,1,2.9,2.9
1,1.5,2.9,3.4
1.5,1.4,3.4,3.2
1.4,1,3.2,2.9
1,1.2,2.9,3.1
1.2,1.1,3.1,3
1.1,0.9,3,2.6
0.9,0.9,2.6,2.5
0.9,0.8,2.5,2.4
0.8,0.8,2.4,2.3
0.8,0.8,2.3,2.3
0.8,0.8,2.3,2.3
0.8,0.9,2.3,2.4
0.9,1.2,2.4,2.4
1.2,0.9,2.4,2.3
0.9,0.7,2.3,2.3
0.7,0.7,2.3,2.3
0.7,0.6,2.3,2
0.6,0.7,2,1.8
0.7,0.6,1.8,1.8
0.6,0.5,1.8,1.8
0.5,0.5,1.8,1.7
0.5,0.5,1.7,1.6
0.5,0.5,1.6,1.5
0.5,0.7,1.5,1.5
0.7,0.7,1.5,1.5
0.7,0.6,1.5,1.7
0.6,0.7,1.7,1.7
0.7,1.1,1.7,1.9
1.1,2.2,1.9,2.2
2.2,1,2.2,1.9
1,0.7,1.9,1.8
0.7,0.9,1.8,2
0.9,1.9,2,2.4
1.9,0.9,2.4,1.7
0.9,0.6,1.7,1.6
0.6,0.6,1.6,1.6
0.6,0.6,1.6,1.5
0.6,0.6,1.5,1.4
0.6,0.6,1.4,1.4
0.6,0.6,1.4,1.4
0.6,0.5,1.4,1.3
0.5,0.7,1.3,1.5
0.7,1.2,1.5,1.6
1.2,0.7,1.6,1.4
0.7,0.7,1.4,1.6
0.7,0.6,1.6,1.4
0.6,0.5,1.4,1.4
0.5,0.5,1.4,1.3
0.5,0.5,1.3,1.3
0.5,0.6,1.3,1.3
0.6,4,1.3,1.8
4,2.2,1.8,1.6
2.2,1,1.6,1.6
1,0.9,1.6,1.5
0.9,0.6,1.5,1.4
0.6,0.8,1.4,1.6
0.8,2.4,1.6,1.5
2.4,0.5,1.5,1.3
0.5,0.4,1.3,1.2
0.4,0.3,1.2,1.2
0.3,0.5,1.2,1.1
0.5,91.4,1.1,7.1
91.4,5.7,7.1,2.8
5.7,1.4,2.8,1.6
1.4,1.1,1.6,1.3
1.1,4,1.3,1.6
4,100.9,1.6,3.2
100.9,215.3,3.2,3.7
215.3,4.5,3.7,1.7
4.5,1.9,1.7,1.4
1.9,1.5,1.4,1.4
1.5,1.5,1.4,1.4
1.5,1.5,1.4,1.3
1.5,1.5,1.3,1.4
1.5,1.4,1.4,1.3
1.4,1.4,1.3,1.3
1.4,1.2,1.3,1.3
1.2,1.6,1.3,1.6
1.6,1.7,1.6,1.7
1.7,1.4,1.7,1.6
1.4,1.8,1.6,2
1.8,1.6,2,2
1.6,1.4,2,1.9
1.4,1.4,1.9,1.9
1.4,1,1.9,1.7
1,0.9,1.7,1.6
0.9,0.7,1.6,1.5
0.7,0.6,1.5,1.3
0.6,0.4,1.3,1.2
0.4,0.5,1.2,1.2
0.5,1.4,1.2,1.8
1.4,1.5,1.8,1.7
1.5,0.8,1.7,1.5
0.8,0.6,1.5,1.4
0.6,0.8,1.4,1.6
0.8,0.9,1.6,1.6
0.9,0.7,1.6,1.3
0.7,0.7,1.3,1.3
0.7,15.6,1.3,4.1
15.6,1.9,4.1,1.8
1.9,1.4,1.8,1.6
1.4,10.4,1.6,3.9
10.4,1.9,3.9,1.8
1.9,1.1,1.8,1.5
1.1,1.1,1.5,1.6
1.1,0.8,1.6,1.4
0.8,0.7,1.4,1.3
0.7,0.6,1.3,1.3
0.6,1.2,1.3,1.8
1.2,0.8,1.8,1.5
0.8,67.8,1.5,7
67.8,14.8,7,5
14.8,4,5,3.2
4,1.6,3.2,2.1
1.6,1.1,2.1,1.8
1.1,0.9,1.8,1.6
0.9,0.8,1.6,1.4
0.8,0.8,1.4,1.4
0.8,0.8,1.4,1.5
0.8,0.8,1.5,1.4
0.8,0.9,1.4,1.6
0.9,0.9,1.6,1.6
0.9,0.8,1.6,1.5
0.8,0.8,1.5,1.4
0.8,0.6,1.4,1.3
0.6,1.3,1.3,1.8
1.3,1.7,1.8,1.7
1.7,0.8,1.7,1.5
0.8,1.2,1.5,1.9
1.2,1.1,1.9,1.7
1.1,0.9,1.7,1.5
0.9,1,1.5,1.6
1,0.7,1.6,1.2
0.7,0.3,1.2,1.1
0.3,0.3,1.1,1.1
0.3,2.7,1.1,1.6
2.7,3.6,1.6,1.7
3.6,0.8,1.7,1.2
0.8,0.4,1.2,1.1
0.4,0.3,1.1,1.1
0.3,183.7,1.1,8.2
183.7,24.9,8.2,4.6
24.9,2.5,4.6,1.9
2.5,1.4,1.9,1.7
1.4,1.3,1.7,1.5
1.3,1.2,1.5,1.5
1.2,1.5,1.5,1.4
1.5,0.9,1.4,1.2
0.9,1,1.2,1.2
1,1.1,1.2,1.4
1.1,0.9,1.4,1.2
0.9,0.8,1.2,1
0.8,0.7,1,1
0.7,0.6,1,0.9
0.6,0.6,0.9,0.9
0.6,0.6,0.9,0.9
0.6,0.5,0.9,0.9
0.5,1.9,0.9,1.8
1.9,1,1.8,1.2
1,0.6,1.2,1.1
0.6,0.6,1.1,1.2
0.6,0.7,1.2,1.2
0.7,0.6,1.2,1.2
0.6,0.5,1.2,1.1
0.5,3.2,1.1,2.3
3.2,0.9,2.3,1.3
0.9,0.6,1.3,1.3
0.6,0.4,1.3,1.1
0.4,0.5,1.1,1.1
0.5,0.5,1.1,1.1
0.5,7.7,1.1,3.5
7.7,8.8,3.5,3.1
8.8,1.4,3.1,1.8
1.4,0.6,1.8,1.4
0.6,0.5,1.4,1.3
0.5,0.5,1.3,1.2
0.5,0.5,1.2,1.2
0.5,0.5,1.2,1.1
0.5,0.5,1.1,1.2
0.5,0.5,1.2,1.1
0.5,0.5,1.1,1.1
0.5,0.5,1.1,1
0.5,0.5,1,1.1
0.5,0.4,1.1,1.1
0.4,0.4,1.1,1.1
0.4,0.3,1.1,1.1
0.3,0.3,1.1,1.1
0.3,0.4,1.1,1
0.4,0.4,1,1
0.4,0.8,1,1.5
0.8,1.7,1.5,2.1
1.7,1.3,2.1,1.9
1.3,1.5,1.9,1.7
1.5,0.9,1.7,1.6
0.9,38.7,1.6,5
38.7,85.5,5,9.4
85.5,5.3,9.4,3.6
5.3,2.5,3.6,2.4
2.5,1.3,2.4,2
1.3,0.7,2,1.7
0.7,0.5,1.7,1.5
0.5,0.8,1.5,1.8
0.8,0.7,1.8,1.6
0.7,0.6,1.6,1.4
0.6,0.5,1.4,1.3
0.5,0.4,1.3,1.2
0.4,0.4,1.2,1.3
0.4,0.8,1.3,1.4
0.8,0.3,1.4,1.3
0.3,0.3,1.3,1.3
0.3,0.3,1.3,1.3
0.3,0.4,1.3,1.4
0.4,0.4,1.4,1.3
0.4,0.3,1.3,1.3
0.3,0.3,1.3,1.3
0.3,0.3,1.3,1.3
0.3,0.3,1.3,1.3
0.3,0.4,1.3,1.3
0.4,0.4,1.3,1.4
0.4,0.4,1.4,1.4
0.4,0.4,1.4,1.3
0.4,0.4,1.3,1.3
0.4,0.6,1.3,1.3
0.6,0.7,1.3,1.3
0.7,0.8,1.3,1.4
0.8,0.8,1.4,1.4
0.8,0.8,1.4,1.4
0.8,0.8,1.4,1.4
0.8,0.9,1.4,1.4
0.9,0.8,1.4,1.3
0.8,0.7,1.3,1.3
0.7,0.6,1.3,1.3
0.6,0.3,1.3,1.3
0.3,0.2,1.3,1.4
0.2,0.2,1.4,1.4
0.2,0.2,1.4,1.4
0.2,0.2,1.4,1.3
0.2,0.2,1.3,1.2
0.2,0.2,1.2,1.2
0.2,0.2,1.2,1.3
0.2,0.2,1.3,1.3
0.2,0.2,1.3,1.3
0.2,0.2,1.3,1.2
0.2,0.2,1.2,1.2
0.2,0.3,1.2,1.2
0.3,0.2,1.2,1.2
0.2,0.4,1.2,1.4
0.4,9.6,1.4,3.3
9.6,232.9,3.3,14.2
232.9,13.8,14.2,5.6
13.8,6.8,5.6,4.3
6.8,8.3,4.3,5
8.3,37.6,5,8
37.6,20.6,8,8.3
20.6,4,8.3,4.2
4,2.2,4.2,3.4
2.2,2.6,3.4,3.6
2.6,3.5,3.6,3.8
3.5,9.7,3.8,5.2
9.7,90.7,5.2,10.5
90.7,107.2,10.5,20
107.2,9.5,20,7.3
9.5,4.5,7.3,5.3
4.5,3,5.3,4.3
3,2.5,4.3,3.9
2.5,2.2,3.9,3.7
2.2,5.2,3.7,4.9
5.2,25,4.9,9.4
25,14.1,9.4,8.2
14.1,4.8,8.2,5.8
4.8,4.4,5.8,5.8
4.4,3.8,5.8,5.4
3.8,3.3,5.4,5.1
3.3,3.6,5.1,5.1
3.6,3.7,5.1,4.6
3.7,15.6,4.6,6.7
15.6,32.4,6.7,11.8
32.4,15.3,11.8,9.4
15.3,12.4,9.4,8.1
12.4,178.6,8.1,20.3
178.6,55.1,20.3,17.6
55.1,10.1,17.6,8
10.1,9.6,8,7.9
9.6,10,7.9,7.8
10,11.7,7.8,9.1
11.7,13.2,9.1,7.3
13.2,11,7.3,7.4
11,12.1,7.4,8.6
12.1,5.8,8.6,6.7
5.8,3.8,6.7,5.6
3.8,3.1,5.6,5.1
3.1,2.6,5.1,4.7
2.6,2.4,4.7,4.4
2.4,105.6,4.4,8.6
105.6,112.9,8.6,25.5
112.9,18.8,25.5,10
18.8,76.7,10,17.3
76.7,47.6,17.3,17.1
47.6,22.6,17.1,11.1
22.6,9.1,11.1,8.5
9.1,5.5,8.5,7.2
5.5,5,7.2,6.1
5,3.9,6.1,5.5
3.9,3,5.5,5.1
3,2.7,5.1,4.8
2.7,2.5,4.8,4.4
2.5,15.2,4.4,4.1
15.2,14.4,4.1,3.8
14.4,2.7,3.8,3.5
2.7,1.2,3.5,3.3
1.2,1.1,3.3,3.2
1.1,1.1,3.2,3
1.1,1,3,2.9
1,1,2.9,2.8
1,1,2.8,2.7
1,1,2.7,2.6
1,1,2.6,2.5
1,0.9,2.5,2.4
0.9,0.8,2.4,2.3
0.8,0.9,2.3,2.2
0.9,1.1,2.2,2.2
1.1,1.4,2.2,2.2
1.4,1.5,2.2,2.2
1.5,2.5,2.2,2.5
2.5,46.2,2.5,7.9
46.2,8.1,7.9,4.1
8.1,2,4.1,2.5
2,2.2,2.5,2.5
2.2,3.2,2.5,2.6
3.2,13,2.6,4.6
13,19.8,4.6,6.9
19.8,5.9,6.9,4.5
5.9,2.8,4.5,3.5
2.8,1.8,3.5,3.1
1.8,3.2,3.1,4.1
3.2,5.3,4.1,5
5.3,4.5,5,4.9
4.5,3,4.9,4.2
3,2.1,4.2,3.7
2.1,1.7,3.7,3.3
1.7,1.5,3.3,3
1.5,1.5,3,2.9
1.5,1.4,2.9,3.1
1.4,1.4,3.1,2.9
1.4,1.2,2.9,2.7
1.2,1.2,2.7,2.9
1.2,1.3,2.9,3.3
1.3,1.5,3.3,3.5
1.5,1.3,3.5,3.3
1.3,1.2,3.3,3.1
1.2,1.2,3.1,3
1.2,1.3,3,3.2
1.3,1.3,3.2,3.2
1.3,1.4,3.2,3.4
1.4,1.2,3.4,2.9
1.2,1.1,2.9,2.7
1.1,2,2.7,2.6
2,1.1,2.6,2.5
1.1,0.9,2.5,2.3
0.9,0.8,2.3,2.4
0.8,0.9,2.4,2.3
0.9,0.6,2.3,2.3
0.6,0.6,2.3,2.2
0.6,0.6,2.2,2.1
0.6,0.6,2.1,2.1
0.6,0.6,2.1,2.2
0.6,0.6,2.2,2
0.6,0.5,2,1.9
0.5,0.5,1.9,1.9
0.5,0.5,1.9,1.9
0.5,0.5,1.9,1.8
0.5,0.5,1.8,1.9
0.5,0.5,1.9,2
0.5,0.5,2,1.9
0.5,0.5,1.9,2
0.5,0.4,2,2
0.4,0.6,2,2.2
0.6,2,2.2,3.2
2,1.2,3.2,2.3
1.2,0.6,2.3,2.1
0.6,0.5,2.1,2
0.5,0.5,2,2
0.5,0.4,2,1.9
0.4,0.5,1.9,1.9
0.5,0.4,1.9,1.9
0.4,2.6,1.9,3
2.6,1.6,3,2.6
1.6,3.6,2.6,4
3.6,1.7,4,2.9
1.7,0.9,2.9,2.6
0.9,0.8,2.6,2.5
0.8,0.6,2.5,2.2
0.6,0.5,2.2,2
0.5,0.5,2,1.9
0.5,0.5,1.9,1.8
0.5,0.4,1.8,1.7
0.4,0.9,1.7,1.9
0.9,0.5,1.9,1.7
0.5,2.2,1.7,2.8
2.2,7,2.8,2.2
7,1.1,2.2,2
1.1,1.4,2,2.5
1.4,1.5,2.5,2.5
1.5,1,2.5,2.1
1,0.8,2.1,1.9
0.8,0.8,1.9,1.8
0.8,0.8,1.8,1.7
0.8,1.7,1.7,2.5
1.7,1.1,2.5,1.9
1.1,0.7,1.9,1.7
0.7,0.7,1.7,1.7
0.7,0.9,1.7,2
0.9,0.7,2,1.7
0.7,0.6,1.7,1.6
0.6,0.6,1.6,1.6
0.6,0.6,1.6,1.6
0.6,0.6,1.6,1.5
0.6,0.6,1.5,1.5
0.6,1.2,1.5,1.8
1.2,0.6,1.8,1.4
0.6,0.4,1.4,1.3
0.4,0.4,1.3,1.3
0.4,0.5,1.3,1.3
0.5,0.5,1.3,1.3
0.5,0.5,1.3,1.3
0.5,0.5,1.3,1.2
0.5,0.6,1.2,1.2
0.6,1.2,1.2,1.9
1.2,0.8,1.9,1.5
0.8,0.7,1.5,1.4
0.7,1.4,1.4,2
1.4,1.3,2,2.1
1.3,1.2,2.1,1.8
1.2,1,1.8,1.6
1,1,1.6,1.8
1,0.8,1.8,1.5
0.8,0.7,1.5,1.4
0.7,0.7,1.4,1.4
0.7,0.7,1.4,1.3
0.7,0.8,1.3,1.5
0.8,1.8,1.5,3.5
1.8,1.5,3.5,3
1.5,0.9,3,1.8
0.9,0.7,1.8,1.4
0.7,0.6,1.4,1.3
0.6,0.6,1.3,1.2
0.6,0.5,1.2,1.1
0.5,0.5,1.1,1.2
0.5,0.5,1.2,1.1
0.5,0.5,1.1,1
0.5,0.4,1,1
0.4,0.6,1,1.1
0.6,0.6,1.1,1
0.6,0.6,1,1
0.6,0.6,1,1
0.6,0.6,1,1
0.6,0.6,1,0.9
0.6,7,0.9,2.7
7,2,2.7,1.7
2,1.6,1.7,1.9
1.6,0.8,1.9,1.4
0.8,2,1.4,1.8
2,2.3,1.8,1.8
2.3,0.9,1.8,1.3
0.9,0.4,1.3,1.1
0.4,0.4,1.1,1.1
0.4,0.3,1.1,1
0.3,0.3,1,0.9
0.3,0.3,0.9,1
0.3,0.5,1,1.2
0.5,1.8,1.2,2
1.8,1,2,1.5
1,1.1,1.5,1.7
1.1,0.9,1.7,1.6
0.9,2.8,1.6,2.6
2.8,1.3,2.6,1.5
1.3,0.5,1.5,1.2
0.5,1.5,1.2,1.7
1.5,1.4,1.7,1.5
1.4,0.5,1.5,1.1
0.5,0.4,1.1,1
0.4,0.4,1,0.9
0.4,0.3,0.9,0.9
0.3,0.3,0.9,0.8
0.3,0.3,0.8,0.8
0.3,0.3,0.8,0.9
0.3,0.3,0.9,1
0.3,0.3,1,0.9
0.3,0.2,0.9,0.8
0.2,0.3,0.8,0.8
0.3,0.2,0.8,0.7
0.2,0.2,0.7,0.7
0.2,0.2,0.7,0.7
0.2,0.2,0.7,0.7
0.2,0.3,0.7,0.8
0.3,0.2,0.8,0.7
0.2,0.2,0.7,0.7
0.2,0.2,0.7,0.7
0.2,0.1,0.7,0.7
0.1,0.1,0.7,0.6
0.1,0.1,0.6,0.6
0.1,0.1,0.6,0.7
0.1,0.1,0.7,0.6
0.1,0.2,0.6,0.7
0.2,0.2,0.7,0.8
0.2,0.2,0.8,0.6
0.2,0.1,0.6,0.6
0.1,0.2,0.6,0.5
0.2,0.1,0.5,0.5
0.1,0.3,0.5,0.8
0.3,0.2,0.8,0.7
0.2,0.2,0.7,0.7
0.2,0.1,0.7,0.7
0.1,0.1,0.7,0.6
0.1,0.1,0.6,0.7
0.1,0.1,0.7,0.6
0.1,0.1,0.6,0.5
0.1,7.5,0.5,1.1
7.5,38.1,1.1,2.2
38.1,1.4,2.2,1.2
1.4,0.6,1.2,0.9
0.6,0.4,0.9,0.8
0.4,0.3,0.8,0.8
0.3,0.3,0.8,0.7
0.3,0.2,0.7,0.6
0.2,0.2,0.6,0.5
0.2,0.2,0.5,0.5
0.2,0.2,0.5,0.6
0.2,0.2,0.6,0.6
0.2,0.4,0.6,0.7
0.4,3.2,0.7,2
3.2,0.8,2,1
0.8,0.3,1,0.7
0.3,0.2,0.7,0.6
0.2,0.2,0.6,0.6
0.2,0.2,0.6,0.6
0.2,0.2,0.6,0.6
0.2,0.4,0.6,1
0.4,0.2,1,0.7
0.2,0.2,0.7,0.7
0.2,0.2,0.7,0.8
0.2,0.2,0.8,0.7
0.2,0.2,0.7,0.7
0.2,0.6,0.7,0.9
0.6,0.4,0.9,0.7
0.4,1.5,0.7,1.4
1.5,1.2,1.4,1.5
1.2,0.5,1.5,1
0.5,0.4,1,0.9
0.4,0.3,0.9,0.8
0.3,0.3,0.8,0.7
0.3,0.2,0.7,0.7
0.2,0.4,0.7,0.9
0.4,1.1,0.9,1.3
1.1,0.4,1.3,0.9
0.4,12,0.9,3.6
12,3.9,3.6,2.1
3.9,0.7,2.1,1.2
0.7,0.4,1.2,1.2
0.4,0.3,1.2,1.1
0.3,0.4,1.1,1.3
0.4,1.2,1.3,1.7
1.2,0.5,1.7,1.3
0.5,0.3,1.3,1.1
0.3,0.2,1.1,0.9
0.2,0.2,0.9,0.9
0.2,0.2,0.9,0.8
0.2,0.5,0.8,1
0.5,0.4,1,0.9
0.4,0.2,0.9,0.8
0.2,0.2,0.8,0.7
0.2,0.4,0.7,0.7
0.4,0.5,0.7,0.8
0.5,0.2,0.8,0.8
0.2,0.4,0.8,0.9
0.4,0.7,0.9,1.4
0.7,0.4,1.4,1.2
0.4,0.3,1.2,1
0.3,0.3,1,1.2
0.3,0.5,1.2,1.7
0.5,0.7,1.7,1.9
0.7,0.7,1.9,2
0.7,24.7,2,5.2
24.7,7.8,5.2,4.3
7.8,7.8,4.3,4.9
7.8,6,4.9,4.7
6,4.1,4.7,3.5
4.1,1.8,3.5,3
1.8,1.1,3,2.3
1.1,0.8,2.3,2
0.8,1.3,2,2.5
1.3,3.8,2.5,3.3
3.8,1.4,3.3,2.2
1.4,0.8,2.2,1.9
0.8,0.6,1.9,1.8
0.6,0.5,1.8,1.7
0.5,0.5,1.7,1.6
0.5,0.4,1.6,1.6
0.4,0.4,1.6,1.5
0.4,0.4,1.5,1.5
0.4,0.4,1.5,1.4
0.4,0.4,1.4,1.4
0.4,0.3,1.4,1.4
0.3,0.3,1.4,1.3
0.3,0.3,1.3,1.3
0.3,0.3,1.3,1.3
0.3,0.3,1.3,1.3
0.3,0.3,1.3,1.2
0.3,1.5,1.2,2
1.5,1.8,2,1.9
1.8,1.1,1.9,1.5
1.1,0.7,1.5,1.4
0.7,0.5,1.4,1.4
0.5,0.6,1.4,1.5
0.6,0.6,1.5,1.6
0.6,0.6,1.6,1.6
0.6,0.5,1.6,1.5
0.5,0.5,1.5,1.3
0.5,0.5,1.3,1.4
0.5,0.5,1.4,1.5
0.5,0.5,1.5,1.5
0.5,0.4,1.5,1.4
0.4,0.4,1.4,1.4
0.4,0.4,1.4,1.5
0.4,0.9,1.5,1.9
0.9,73.1,1.9,6.4
73.1,136.1,6.4,11
136.1,24.1,11,9.7
24.1,12,9.7,7.5
12,5.2,7.5,5.2
5.2,3.1,5.2,4.2
3.1,2.2,4.2,3.6
2.2,423.6,3.6,16.5
423.6,163.9,16.5,33.6
163.9,20.2,33.6,12.2
20.2,15,12.2,10.4
15,45.6,10.4,16.9
45.6,80.8,16.9,26.3
80.8,14.3,26.3,11.5
14.3,7,11.5,8.2
7,4.7,8.2,7
4.7,3.6,7,6.1
3.6,3.2,6.1,5.7
3.2,3,5.7,5.2
3,3,5.2,5.2
3,28.3,5.2,10.8
28.3,10.5,10.8,9.3
10.5,8.6,9.3,8.9
8.6,5.6,8.9,7.2
5.6,4,7.2,6.3
4,3.4,6.3,5.8
3.4,3.1,5.8,5.3
3.1,2.6,5.3,4.7
2.6,2.3,4.7,4.1
2.3,1.8,4.1,3.8
1.8,1.6,3.8,3.5
1.6,1.5,3.5,3.2
1.5,1.5,3.2,3.1
1.5,1.4,3.1,3
1.4,1.3,3,3
1.3,1.2,3,2.9
1.2,1.2,2.9,2.8
1.2,1.1,2.8,2.7
1.1,1.1,2.7,2.6
1.1,1.1,2.6,2.6
1.1,1,2.6,2.6
1,1.5,2.6,2.5
1.5,6.3,2.5,2.5
6.3,8.8,2.5,2.5
8.8,19.1,2.5,4.1
19.1,129.8,4.1,18.2
129.8,94.4,18.2,25.3
94.4,37.5,25.3,14.5
37.5,22.1,14.5,12.9
22.1,9.9,12.9,8.6
9.9,11.2,8.6,7.2
11.2,13.5,7.2,10.3
13.5,10.6,10.3,8.5
10.6,7.2,8.5,6.5
7.2,5.4,6.5,5.7
5.4,4.5,5.7,5.3
4.5,3.7,5.3,4.9
3.7,3.1,4.9,4.5
3.1,2.7,4.5,4.2
2.7,2.3,4.2,4
2.3,2,4,3.7
2,1.8,3.7,3.6
1.8,1.8,3.6,3.6
1.8,1.7,3.6,3.5
1.7,1.6,3.5,3.4
1.6,1.5,3.4,3.4
1.5,1.4,3.4,3.3
1.4,1.2,3.3,3.1
1.2,1.2,3.1,3
1.2,1.1,3,3
1.1,1.1,3,3
1.1,1.1,3,3
1.1,1.1,3,3
1.1,1.1,3,2.9
1.1,0.9,2.9,2.8
0.9,0.8,2.8,2.7
0.8,0.8,2.7,2.7
0.8,0.8,2.7,2.6
0.8,0.8,2.6,2.5
0.8,0.8,2.5,2.6
0.8,0.9,2.6,2.7
0.9,1.2,2.7,3
1.2,3.2,3,4.6
3.2,12.1,4.6,7.8
12.1,15.6,7.8,7.6
15.6,10.9,7.6,6.7
10.9,5.2,6.7,4.8
5.2,3.9,4.8,4.1
3.9,3.3,4.1,3.6
3.3,3,3.6,3.4
3,2.8,3.4,3.2
2.8,2.7,3.2,3.2
2.7,2.6,3.2,3.3
2.6,2.8,3.3,3.4
2.8,4.5,3.4,4.1
4.5,8.5,4.1,5.3
8.5,3.8,5.3,4
3.8,3.3,4,3.6
3.3,2.6,3.6,3.1
2.6,2.3,3.1,2.9
2.3,2.1,2.9,2.8
2.1,2.1,2.8,2.6
2.1,2,2.6,2.6
2,2.2,2.6,2.9
2.2,2.1,2.9,2.7
2.1,2,2.7,2.7
2,1.9,2.7,2.6
1.9,2,2.6,2.6
2,1.8,2.6,2.5
1.8,1.7,2.5,2.4
1.7,1.7,2.4,2.5
1.7,1.7,2.5,2.4
1.7,1.6,2.4,2.3
1.6,1.6,2.3,2.3
1.6,1.9,2.3,2.5
1.9,9.6,2.5,5.5
9.6,10.4,5.5,5.8
10.4,56.7,5.8,9.6
56.7,19.1,9.6,7.5
19.1,6.8,7.5,5.3
6.8,4.9,5.3,4.6
4.9,4.5,4.6,4.4
4.5,5.5,4.4,4.7
5.5,3.7,4.7,3.9
3.7,3.2,3.9,3.5
3.2,4.8,3.5,4.4
4.8,4,4.4,3.9
4,3.2,3.9,3.4
3.2,2.9,3.4,3.2
2.9,2.4,3.2,2.8
2.4,2.2,2.8,2.6
2.2,2,2.6,2.6
2,2,2.6,2.5
2,2.1,2.5,2.6
2.1,2.1,2.6,2.6
2.1,2,2.6,2.5
2,2,2.5,2.5
2,2.3,2.5,2.6
2.3,2.2,2.6,2.5
2.2,2.6,2.5,2.8
2.6,2.9,2.8,2.9
2.9,2.1,2.9,2.4
2.1,1.9,2.4,2.3
1.9,2.7,2.3,2.7
2.7,2.1,2.7,2.3
2.1,2.9,2.3,2.8
2.9,2.5,2.8,2.5
2.5,2.2,2.5,2.3
2.2,2,2.3,2.2
2,2.1,2.2,2.3
2.1,2,2.3,2.1
2,1.8,2.1,2
1.8,1.7,2,1.9
1.7,9.5,1.9,4.3
9.5,7.2,4.3,3.5
7.2,28.4,3.5,5.5
28.4,5,5.5,3.2
5,3.5,3.2,2.8
3.5,3.4,2.8,2.7
3.4,2.8,2.7,2.5
2.8,2.4,2.5,2.3
2.4,3.1,2.3,2.7
3.1,33.3,2.7,7.1
33.3,11.2,7.1,5.1
11.2,5.2,5.1,3.7
5.2,5.8,3.7,4
5.8,222.5,4,20
222.5,79.4,20,23.6
79.4,48.5,23.6,15.4
48.5,88.4,15.4,29.1
88.4,31.9,29.1,16.6
31.9,15.8,16.6,9.3
15.8,10.4,9.3,7
10.4,8.3,7,5.9
8.3,7.6,5.9,5.6
7.6,157,5.6,7.3
157,84.3,7.3,10.5
84.3,47.7,10.5,12.7
47.7,12.1,12.7,6.8
12.1,8,6.8,5.2
8,7.4,5.2,5.1
7.4,5.9,5.1,4.4
5.9,5.1,4.4,4
5.1,4.5,4,3.6
4.5,4.1,3.6,3.3
4.1,3.7,3.3,3.1
3.7,3.7,3.1,3.1
3.7,11.5,3.1,5.1
11.5,4.7,5.1,3.4
4.7,3.5,3.4,3
3.5,3.5,3,2.8
3.5,4.1,2.8,3
4.1,3.3,3,2.9
3.3,2.9,2.9,2.7
2.9,2.5,2.7,2.6
2.5,2.3,2.6,2.6
2.3,2.1,2.6,2.6
2.1,1.7,2.6,2.4
1.7,1.4,2.4,2.2
1.4,1.4,2.2,2.1
1.4,1.4,2.1,2.2
1.4,1.4,2.2,2.1
1.4,1.4,2.1,2
1.4,1.2,2,1.9
1.2,1.2,1.9,1.8
1.2,1,1.8,1.8
1,1,1.8,1.7
1,1,1.7,1.8
1,1,1.8,1.7
1,0.9,1.7,1.7
0.9,0.9,1.7,1.6
0.9,0.8,1.6,1.6
0.8,0.8,1.6,1.6
0.8,0.8,1.6,1.5
0.8,1.1,1.5,1.5
1.1,0.8,1.5,1.5
0.8,0.9,1.5,1.5
0.9,0.7,1.5,1.4
0.7,0.8,1.4,1.4
0.8,0.7,1.4,1.3
0.7,0.9,1.3,1.3
0.9,0.9,1.3,1.5
0.9,0.7,1.5,1.4
0.7,0.7,1.4,1.4
0.7,0.6,1.4,1.2
0.6,3,1.2,2.3
3,2.5,2.3,2.4
2.5,1.2,2.4,1.7
1.2,0.8,1.7,1.4
0.8,0.8,1.4,1.3
0.8,0.9,1.3,1.2
0.9,0.7,1.2,1.2
0.7,0.7,1.2,1.2
0.7,2.5,1.2,1.5
2.5,11.5,1.5,2.8
11.5,1.8,2.8,1.5
1.8,2.3,1.5,1.8
2.3,1.9,1.8,1.8
1.9,1.3,1.8,1.3
1.3,1.1,1.3,1.3
1.1,1.2,1.3,1.2
1.2,1.1,1.2,1.1
1.1,1,1.1,1.1
1,0.9,1.1,1.1
0.9,0.8,1.1,1
0.8,0.7,1,1
0.7,2.2,1,1.6
2.2,2.9,1.6,1.8
2.9,1.1,1.8,1.3
1.1,0.9,1.3,1.2
0.9,0.8,1.2,1.1
0.8,0.8,1.1,1.1
0.8,1,1.1,1.3
1,3.1,1.3,2.5
3.1,1.6,2.5,1.7
1.6,0.9,1.7,1.4
0.9,0.9,1.4,1.3
0.9,0.9,1.3,1.1
0.9,0.9,1.1,1.1
0.9,0.6,1.1,1
0.6,0.5,1,1
0.5,0.5,1,1
0.5,0.5,1,1
0.5,0.4,1,0.9
0.4,0.4,0.9,1
0.4,0.3,1,0.9
0.3,0.4,0.9,0.9
0.4,6.4,0.9,2.7
6.4,1.4,2.7,1.5
1.4,0.9,1.5,1.4
0.9,3.1,1.4,2.6
3.1,1.9,2.6,2
1.9,1.1,2,1.6
1.1,1.9,1.6,2
1.9,2.7,2,2.3
2.7,7.4,2.3,3.6
7.4,5.4,3.6,4.3
5.4,7.2,4.3,5.8
7.2,1.3,5.8,2.6
1.3,1.5,2.6,2.9
1.5,0.9,2.9,2.3
0.9,0.6,2.3,1.9
0.6,0.5,1.9,1.7
0.5,0.5,1.7,1.7
0.5,0.4,1.7,1.6
0.4,0.4,1.6,1.6
0.4,0.4,1.6,1.6
0.4,0.4,1.6,1.5
0.4,0.4,1.5,1.5
0.4,0.4,1.5,1.5
0.4,0.4,1.5,1.5
0.4,0.4,1.5,1.6
0.4,0.4,1.6,1.5
0.4,0.4,1.5,1.5
0.4,0.5,1.5,1.7
0.5,0.4,1.7,1.5
0.4,0.3,1.5,1.5
0.3,0.3,1.5,1.5
0.3,0.6,1.5,1.8
0.6,1.3,1.8,2.7
1.3,1.6,2.7,2.9
1.6,0.7,2.9,2
0.7,0.6,2,1.8
0.6,0.7,1.8,2
0.7,1.4,2,2.8
1.4,0.9,2.8,2.2
0.9,0.8,2.2,2.1
0.8,0.7,2.1,2
0.7,0.6,2,1.8
0.6,0.7,1.8,2
0.7,0.6,2,1.8
0.6,0.5,1.8,1.7
0.5,0.5,1.7,1.7
0.5,0.5,1.7,1.7
0.5,0.5,1.7,1.7
0.5,0.5,1.7,1.6
0.5,0.5,1.6,1.7
0.5,0.4,1.7,1.6
0.4,0.4,1.6,1.6
0.4,0.4,1.6,1.6
0.4,0.4,1.6,1.6
0.4,0.7,1.6,1.9
0.7,2.1,1.9,3.2
2.1,4.3,3.2,4.5
4.3,7,4.5,5.8
7,3.3,5.8,4.1
3.3,6.3,4.1,5.6
6.3,2.9,5.6,3.9
2.9,4.8,3.9,4.9
4.8,5.1,4.9,5
5.1,7.3,5,6
7.3,2.5,6,3.6
2.5,1.8,3.6,3.1
1.8,1.5,3.1,2.8
1.5,1.3,2.8,2.6
1.3,1.1,2.6,2.4
1.1,1,2.4,2.3
1,1,2.3,2.3
1,0.9,2.3,2.2
0.9,1.8,2.2,3
1.8,1.9,3,3.2
1.9,1.3,3.2,2.6
1.3,1.1,2.6,2.4
1.1,1,2.4,2.3
1,0.9,2.3,2.2
0.9,0.8,2.2,2.1
0.8,0.8,2.1,2
0.8,0.7,2,2
0.7,0.7,2,2
0.7,0.9,2,2.2
0.9,0.9,2.2,2.2
0.9,0.9,2.2,2.2
0.9,0.9,2.2,2.1
0.9,0.8,2.1,2
0.8,0.7,2,2
0.7,0.9,2,2.2
0.9,0.8,2.2,2.1
0.8,0.9,2.1,2.2
0.9,4.8,2.2,4.5
4.8,6.7,4.5,5.7
6.7,3,5.7,3.9
3,1.9,3.9,3.1
1.9,1.5,3.1,2.8
1.5,1.2,2.8,2.5
1.2,1.1,2.5,2.4
1.1,1,2.4,2.3
1,0.9,2.3,2.2
0.9,0.9,2.2,2.2
0.9,0.9,2.2,2.1
0.9,0.8,2.1,2.1
0.8,0.8,2.1,2.1
0.8,0.8,2.1,2.1
0.8,1.3,2.1,2.6
1.3,1.4,2.6,2.7
1.4,1.1,2.7,2.4
1.1,0.9,2.4,2.2
0.9,0.9,2.2,2.1
0.9,0.8,2.1,2.1
0.8,0.8,2.1,2.1
0.8,0.9,2.1,2.2
0.9,0.8,2.2,2
0.8,0.8,2,2
0.8,0.7,2,1.9
0.7,0.7,1.9,1.9
0.7,0.7,1.9,1.9
0.7,0.8,1.9,2
0.8,0.7,2,1.9
0.7,0.7,1.9,1.9
0.7,0.7,1.9,1.9
0.7,0.7,1.9,1.9
0.7,1.3,1.9,2.5
1.3,1,2.5,2.3
1,0.9,2.3,2.1
0.9,0.8,2.1,2
0.8,0.8,2,2.1
0.8,1.1,2.1,2.4
1.1,1.1,2.4,2.3
1.1,1.2,2.3,2.4
1.2,1.2,2.4,2.5
1.2,1.1,2.5,2.3
1.1,0.9,2.3,2.2
0.9,0.9,2.2,2.1
0.9,0.8,2.1,2
0.8,0.8,2,2
0.8,0.8,2,2
0.8,0.8,2,2
0.8,0.7,2,1.9
0.7,0.8,1.9,2
0.8,0.8,2,1.9
0.8,0.7,1.9,1.9
0.7,0.7,1.9,1.8
0.7,0.7,1.8,1.8
0.7,0.7,1.8,1.8
0.7,0.7,1.8,1.8
0.7,0.7,1.8,1.9
0.7,0.7,1.9,1.8
0.7,0.6,1.8,1.8
0.6,0.7,1.8,1.8
0.7,0.8,1.8,1.9
0.8,1.3,1.9,2.5
1.3,1.4,2.5,2.6
1.4,1.3,2.6,2.5
1.3,1,2.5,2.2
1,0.9,2.2,2.1
0.9,0.8,2.1,2
0.8,1.3,2,2.5
1.3,1.1,2.5,2.3
1.1,1.3,2.3,2.5
1.3,1.2,2.5,2.4
1.2,0.9,2.4,2.1
0.9,0.9,2.1,2.1
0.9,0.8,2.1,2
0.8,0.8,2,2
0.8,0.9,2,2.1
0.9,0.8,2.1,1.9
0.8,0.7,1.9,1.9
0.7,0.7,1.9,1.9
0.7,0.7,1.9,1.9
0.7,0.7,1.9,1.9
0.7,0.8,1.9,1.9
0.8,0.8,1.9,1.9
0.8,0.7,1.9,1.8
0.7,0.7,1.8,1.8
0.7,0.7,1.8,1.8
0.7,0.6,1.8,1.8
0.6,0.6,1.8,1.7
0.6,0.6,1.7,1.6
0.6,0.6,1.6,1.6
0.6,0.5,1.6,1.6
0.5,0.5,1.6,1.6
0.5,0.5,1.6,1.6
0.5,0.5,1.6,1.5
0.5,0.5,1.5,1.5
0.5,0.4,1.5,1.4
0.4,0.5,1.4,1.5
0.5,0.5,1.5,1.5
0.5,0.5,1.5,1.6
0.5,0.5,1.6,1.6
0.5,0.8,1.6,2
0.8,0.7,2,1.8
0.7,0.5,1.8,1.6
0.5,0.5,1.6,1.6
0.5,0.9,1.6,2.1
0.9,1,2.1,2.2
1,0.8,2.2,1.9
0.8,0.6,1.9,1.7
0.6,0.6,1.7,1.7
0.6,0.5,1.7,1.6
0.5,0.5,1.6,1.5
0.5,0.5,1.5,1.5
0.5,0.5,1.5,1.4
0.5,0.4,1.4,1.4
0.4,0.5,1.4,1.3
0.5,0.6,1.3,1.3
0.6,0.7,1.3,1.3
0.7,0.7,1.3,1.3
0.7,0.7,1.3,1.3
0.7,0.6,1.3,1.2
0.6,0.6,1.2,1.2
0.6,0.6,1.2,1.2
0.6,0.7,1.2,1.2
0.7,0.6,1.2,1.3
0.6,0.6,1.3,1.3
0.6,0.6,1.3,1.3
0.6,0.7,1.3,1.4
0.7,0.9,1.4,1.6
0.9,0.8,1.6,1.4
0.8,0.6,1.4,1.3
0.6,0.8,1.3,1.6
0.8,0.8,1.6,1.5
0.8,0.6,1.5,1.3
0.6,0.6,1.3,1.3
0.6,0.6,1.3,1.3
0.6,0.6,1.3,1.2
0.6,0.6,1.2,1.2
0.6,0.6,1.2,1.2
0.6,0.7,1.2,1.3
0.7,2.1,1.3,1.5
2.1,1.3,1.5,1.4
1.3,6,1.4,2.2
6,2.4,2.2,1.5
2.4,1.4,1.5,1.4
1.4,1.4,1.4,1.5
1.4,1.5,1.5,1.3
1.5,0.8,1.3,1.2
0.8,0.6,1.2,1.2
0.6,0.6,1.2,1.1
0.6,0.7,1.1,1.2
0.7,0.8,1.2,1.2
0.8,1.5,1.2,1.7
1.5,1.7,1.7,1.7
1.7,3.6,1.7,2.4
3.6,2.4,2.4,1.8
2.4,1.3,1.8,1.5
1.3,1.1,1.5,1.4
1.1,0.9,1.4,1.3
0.9,0.8,1.3,1.2
0.8,0.8,1.2,1.2
0.8,1,1.2,1.4
1,1.2,1.4,1.4
1.2,0.8,1.4,1.2
0.8,0.8,1.2,1.1
0.8,0.7,1.1,1.1
0.7,0.7,1.1,1
0.7,105,1,3.5
105,74,3.5,2.5
74,4.7,2.5,1.4
4.7,3.4,1.4,1.6
3.4,9.6,1.6,2.9
9.6,18.8,2.9,4.4
18.8,9.4,4.4,2.9
9.4,5.5,2.9,2
5.5,4.8,2,1.6
4.8,6.7,1.6,1.4
6.7,5.7,1.4,1.3
5.7,4.6,1.3,1.2
4.6,2.4,1.2,1.1
2.4,2.9,1.1,1.1
2.9,4.6,1.1,1
4.6,3.9,1,1
3.9,2.6,1,0.9
2.6,2.7,0.9,0.9
2.7,1.1,0.9,0.9
1.1,1.3,0.9,1
1.3,1.1,1,0.8
1.1,1.1,0.8,0.8
1.1,1,0.8,0.8
1,0.9,0.8,0.8
0.9,0.9,0.8,0.8
0.9,0.9,0.8,0.7
0.9,0.8,0.7,0.7
0.8,1,0.7,0.7
1,0.9,0.7,0.7
0.9,0.8,0.7,0.7
0.8,0.8,0.7,0.7
0.8,0.8,0.7,0.7
0.8,0.8,0.7,0.7
0.8,0.9,0.7,0.7
0.9,0.7,0.7,0.7
0.7,0.7,0.7,0.6
0.7,1.4,0.6,1
1.4,1.6,1,1.1
1.6,1,1.1,0.8
1,0.8,0.8,0.7
0.8,0.7,0.7,0.7
0.7,0.6,0.7,0.6
0.6,0.9,0.6,0.7
0.9,1.3,0.7,0.7
1.3,0.9,0.7,0.7
0.9,4.9,0.7,1.8
4.9,45.8,1.8,5.9
45.8,6,5.9,2.5
6,2.6,2.5,1.8
2.6,1.6,1.8,1.3
1.6,3.3,1.3,1.7
3.3,4.5,1.7,2.1
4.5,2.2,2.1,1.5
2.2,1.1,1.5,1
1.1,1,1,0.9
1,1.1,0.9,0.9
1.1,0.8,0.9,0.8
0.8,0.7,0.8,0.7
0.7,1.1,0.7,0.9
1.1,1.5,0.9,1.2
1.5,1.2,1.2,1
1.2,1.3,1,1.1
1.3,0.8,1.1,0.8
0.8,0.7,0.8,0.7
0.7,2.9,0.7,1.2
2.9,5,1.2,1.3
5,126.6,1.3,5
126.6,19.8,5,2.9
19.8,5,2.9,1.9
5,3.1,1.9,1.4
3.1,3,1.4,1.1
3,3.8,1.1,1.8
3.8,160.9,1.8,5
160.9,322.5,5,7.7
322.5,4.7,7.7,2.6
4.7,2.7,2.6,1.8
2.7,1.8,1.8,1.4
1.8,1.4,1.4,1.3
1.4,1.2,1.3,1.2
1.2,1.7,1.2,1.4
1.7,1.2,1.4,1.1
1.2,1.1,1.1,1.1
1.1,1.2,1.1,1.2
1.2,1.7,1.2,1.5
1.7,2.9,1.5,2
2.9,1.7,2,1.5
1.7,1.1,1.5,1.2
1.1,0.9,1.2,1.1
0.9,0.8,1.1,1
0.8,0.8,1,1
0.8,0.7,1,1
0.7,0.7,1,0.9
0.7,1.1,0.9,1.2
1.1,0.9,1.2,1.1
0.9,1.3,1.1,1.4
1.3,6.9,1.4,2.9
6.9,2.4,2.9,1.7
2.4,1.2,1.7,1.2
1.2,0.9,1.2,1.1
0.9,1.4,1.1,1.5
1.4,2.6,1.5,2
2.6,1.3,2,1.4
1.3,1,1.4,1.3
1,0.9,1.3,1.2
0.9,0.8,1.2,1.1
0.8,0.8,1.1,1.1
0.8,0.9,1.1,1.1
0.9,1.1,1.1,1.2
1.1,0.9,1.2,1.1
0.9,0.8,1.1,1
0.8,0.6,1,1
0.6,23.8,1,4.4
23.8,34.7,4.4,6.4
34.7,4.6,6.4,2.9
4.6,2.2,2.9,2.2
2.2,1.5,2.2,1.8
1.5,1.2,1.8,1.5
1.2,1,1.5,1.4
1,0.9,1.4,1.3
0.9,177,1.3,3.2
177,27.4,3.2,2.3
27.4,10.9,2.3,3
10.9,7.8,3,3
7.8,2.8,3,2
2.8,2.1,2,1.8
2.1,1.9,1.8,1.6
1.9,1.8,1.6,1.5
1.8,1.5,1.5,1.4
1.5,1.3,1.4,1.3
1.3,1.3,1.3,1.3
1.3,1.3,1.3,1.3
1.3,1.3,1.3,1.4
1.3,1.4,1.4,1.4
1.4,1.2,1.4,1.3
1.2,1.2,1.3,1.4
1.2,1.1,1.4,1.3
1.1,0.8,1.3,1.1
0.8,1.1,1.1,1.3
1.1,0.8,1.3,1.2
0.8,0.7,1.2,1.1
0.7,1,1.1,1.2
1,0.8,1.2,1.1
0.8,0.7,1.1,1.1
0.7,4.3,1.1,2.2
4.3,48.7,2.2,3.5
48.7,13.7,3.5,3.6
13.7,44.1,3.6,4.8
44.1,7.1,4.8,3.6
7.1,2.3,3.6,2.3
2.3,1.6,2.3,2
1.6,1.3,2,1.8
1.3,48.8,1.8,5
48.8,248.3,5,10.7
248.3,10.4,10.7,5.1
10.4,4,5.1,3.6
4,2.6,3.6,2.9
2.6,2,2.9,2.6
2,1.6,2.6,2.4
1.6,1.3,2.4,2.3
1.3,1.2,2.3,2.1
1.2,1,2.1,1.9
1,1.1,1.9,2
1.1,1,2,1.8
1,1,1.8,1.7
1,1.2,1.7,1.8
1.2,1.2,1.8,1.7
1.2,1.7,1.7,2.1
1.7,1.6,2.1,1.9
1.6,1.5,1.9,1.7
1.5,1.4,1.7,1.6
1.4,1.4,1.6,1.6
1.4,1.5,1.6,1.6
1.5,1.7,1.6,1.5
1.7,1.7,1.5,1.5
1.7,1.7,1.5,1.4
1.7,1.8,1.4,1.4
1.8,1.7,1.4,1.4
1.7,1.7,1.4,1.4
1.7,2.4,1.4,1.7
2.4,4.2,1.7,2.7
4.2,2.7,2.7,2.1
2.7,2.1,2.1,1.8
2.1,1.8,1.8,1.6
1.8,1.6,1.6,1.5
1.6,1.5,1.5,1.5
1.5,1.4,1.5,1.5
1.4,1.3,1.5,1.4
1.3,1.2,1.4,1.4
1.2,1.1,1.4,1.4
1.1,1,1.4,1.3
1,0.9,1.3,1.3
0.9,0.8,1.3,1.4
0.8,0.8,1.4,1.6
0.8,0.7,1.6,1.5
0.7,0.8,1.5,1.6
0.8,0.9,1.6,1.7
0.9,0.8,1.7,1.6
0.8,0.7,1.6,1.5
0.7,0.6,1.5,1.5
0.6,0.6,1.5,1.4
0.6,0.6,1.4,1.3
0.6,6.1,1.3,2.2
6.1,51.7,2.2,6.5
51.7,7.5,6.5,3.8
7.5,3.9,3.8,3.3
3.9,4.8,3.3,3.6
4.8,2.7,3.6,2.8
2.7,2.1,2.8,2.7
2.1,4,2.7,3.5
4,12.5,3.5,5.4
12.5,46.1,5.4,7.3
46.1,8.1,7.3,5.1
8.1,3.9,5.1,3.9
3.9,2.9,3.9,3.4
2.9,2.2,3.4,3
2.2,6.1,3,4.4
6.1,3.8,4.4,3.7
3.8,2.2,3.7,3
2.2,1.9,3,2.6
1.9,1.5,2.6,2.3
1.5,1.4,2.3,2.3
1.4,1.4,2.3,2.2
1.4,1.4,2.2,2.3
1.4,1.5,2.3,2.4
1.5,1.6,2.4,2.5
1.6,1.5,2.5,2.5
1.5,1.3,2.5,2.4
1.3,1.3,2.4,2.3
1.3,1.2,2.3,2.2
1.2,3.8,2.2,2.7
3.8,255.2,2.7,14.1
255.2,181.4,14.1,20.2
181.4,49.8,20.2,14.2
49.8,10.6,14.2,6.9
10.6,6.2,6.9,5.7
6.2,8.7,5.7,6.2
8.7,8.1,6.2,6.3
8.1,4.5,6.3,5.3
4.5,3.5,5.3,4.8
3.5,3.1,4.8,4.5
3.1,2.4,4.5,4
2.4,2.3,4,3.8
2.3,2.1,3.8,3.6
2.1,1.8,3.6,3.3
1.8,1.9,3.3,3.2
1.9,1.6,3.2,3.1
1.6,1.4,3.1,2.9
1.4,1.3,2.9,2.8
1.3,1.2,2.8,2.8
1.2,1.1,2.8,2.7
1.1,1.1,2.7,2.7
1.1,1.2,2.7,3
1.2,1.2,3,2.8
1.2,1.1,2.8,2.6
1.1,1,2.6,2.5
1,0.9,2.5,2.4
0.9,0.9,2.4,2.4
0.9,0.9,2.4,2.3
0.9,0.8,2.3,2.2
0.8,0.9,2.2,2.1
0.9,0.9,2.1,2.1
0.9,0.8,2.1,2.1
0.8,0.9,2.1,2.3
0.9,1,2.3,2.3
1,1,2.3,2.3
1,0.9,2.3,2.3
0.9,0.8,2.3,2.2
0.8,0.7,2.2,2.1
0.7,0.7,2.1,2.1
0.7,0.7,2.1,2.1
0.7,0.7,2.1,2
0.7,0.8,2,2.1
0.8,0.8,2.1,2.1
0.8,1.1,2.1,2.3
1.1,1.5,2.3,2.6
1.5,1.1,2.6,2.4
1.1,1,2.4,2.6
1,1.1,2.6,2.5
1.1,1,2.5,2.5
1,1.2,2.5,2.4
1.2,1.6,2.4,2.4
1.6,2.1,2.4,2.4
2.1,30.9,2.4,5.8
30.9,10.6,5.8,5
10.6,3,5,3.9
3,1.9,3.9,3.4
1.9,1.4,3.4,3
1.4,1.1,3,2.8
1.1,1.1,2.8,2.9
1.1,1.4,2.9,3.1
1.4,1.6,3.1,3.3
1.6,1.6,3.3,3.6
1.6,2.4,3.6,3.4
2.4,2.8,3.4,3
2.8,3.2,3,2.8
3.2,2.8,2.8,2.9
2.8,2.1,2.9,2.8
2.1,1.3,2.8,2.9
1.3,1.3,2.9,2.9
1.3,1.9,2.9,2.7
1.9,2.6,2.7,2.5
2.6,3.2,2.5,2.4
3.2,3.3,2.4,2.3
3.3,3.3,2.3,2.3
3.3,3.4,2.3,2.3
3.4,3.5,2.3,2.2
3.5,2.8,2.2,2.2
2.8,2.8,2.2,2.3
2.8,2.4,2.3,2.2
2.4,3.8,2.2,3
3.8,120.7,3,9.3
120.7,186.2,9.3,12.5
186.2,30.6,12.5,8.7
30.6,18.5,8.7,7.3
18.5,11,7.3,6.8
11,8.9,6.8,6.1
8.9,5.4,6.1,5.2
5.4,4.3,5.2,4.5
4.3,3.9,4.5,4.1
3.9,3.8,4.1,4
3.8,4.3,4,4.1
4.3,4.5,4.1,4
4.5,4.2,4,3.5
4.2,3.9,3.5,3.2
3.9,4.1,3.2,3.1
4.1,3.9,3.1,2.8
3.9,4,2.8,2.8
4,2.7,2.8,2.8
2.7,3,2.8,2.7
3,2.9,2.7,2.6
2.9,2.3,2.6,2.5
2.3,2.2,2.5,2.3
2.2,2.4,2.3,2.2
2.4,2.3,2.2,2
2.3,2.4,2,2.2
2.4,2.3,2.2,2.1
2.3,2.2,2.1,2
2.2,2.1,2,2
2.1,2.2,2,2
2.2,8.6,2,4.3
8.6,4.7,4.3,3.2
4.7,2.3,3.2,2.4
2.3,2.3,2.4,2.8
2.3,2.1,2.8,2.5
2.1,1.8,2.5,2.2
1.8,2.8,2.2,3.5
2.8,1.9,3.5,2.6
1.9,2,2.6,2.4
2,1.7,2.4,2.1
1.7,1.7,2.1,2
1.7,1.8,2,2
1.8,1.9,2,1.8
1.9,1.9,1.8,1.7
1.9,2,1.7,1.7
2,6.3,1.7,2.3
6.3,2.4,2.3,1.7
2.4,2.2,1.7,1.6
2.2,2.1,1.6,1.5
2.1,2.1,1.5,1.5
2.1,2.1,1.5,1.5
2.1,2.1,1.5,1.4
2.1,2.1,1.4,1.4
2.1,2.1,1.4,1.4
2.1,2,1.4,1.4
2,2,1.4,1.4
2,2,1.4,1.3
2,2.4,1.3,1.5
2.4,3,1.5,1.7
3,2,1.7,1.4
2,1.6,1.4,1.3
1.6,1.5,1.3,1.3
1.5,1.7,1.3,1.5
1.7,1.5,1.5,1.3
1.5,1.5,1.3,1.3
1.5,1.7,1.3,1.3
1.7,1.6,1.3,1.2
1.6,1.5,1.2,1.1
1.5,1.6,1.1,1.1
1.6,1.5,1.1,1
1.5,14.3,1,2.8
14.3,5.4,2.8,1.9
5.4,8,1.9,3.6
8,2.6,3.6,2
2.6,2,2,1.6
2,1.9,1.6,1.5
1.9,2,1.5,1.3
2,2,1.3,1.3
2,1.9,1.3,1.2
1.9,1.8,1.2,1.2
1.8,1.7,1.2,1.1
1.7,2,1.1,1.3
2,1.9,1.3,1.3
1.9,1.9,1.3,1.3
1.9,1.8,1.3,1.2
1.8,2.4,1.2,1.7
2.4,8.8,1.7,3.5
8.8,4.2,3.5,2.5
4.2,2.4,2.5,1.7
2.4,1.9,1.7,1.4
1.9,1.8,1.4,1.3
1.8,2.3,1.3,1.3
2.3,2.8,1.3,1.3
2.8,1.9,1.3,1.1
1.9,1.6,1.1,1.1
1.6,1.4,1.1,1
1.4,1.4,1,1
1.4,1.3,1,1
1.3,1.3,1,0.9
1.3,1.6,0.9,1.2
1.6,1.3,1.2,1
1.3,1.8,1,1.3
1.8,1.3,1.3,0.9
1.3,1.3,0.9,0.9
1.3,1.2,0.9,0.9
1.2,1.2,0.9,0.9
1.2,1.3,0.9,0.9
1.3,1.6,0.9,1.1
1.6,1.8,1.1,1.2
1.8,1.4,1.2,0.9
1.4,1.2,0.9,0.9
1.2,1.4,0.9,0.9
1.4,1.4,0.9,0.8
1.4,1.5,0.8,0.8
1.5,1.5,0.8,0.8
1.5,2,0.8,1
2,6.7,1,2.2
6.7,1.4,2.2,1
1.4,1.6,1,1.1
1.6,1.2,1.1,0.9
1.2,1.3,0.9,1
1.3,1.5,1,1.1
1.5,1.1,1.1,0.9
1.1,0.9,0.9,0.9
0.9,0.8,0.9,0.8
0.8,0.8,0.8,0.8
0.8,0.7,0.8,0.8
0.7,0.6,0.8,0.7
0.6,0.5,0.7,0.7
0.5,0.4,0.7,0.6
0.4,0.4,0.6,0.6
0.4,0.3,0.6,0.6
0.3,0.3,0.6,0.6
0.3,0.4,0.6,0.5
0.4,0.4,0.5,0.5
0.4,0.4,0.5,0.6
0.4,0.3,0.6,0.5
0.3,0.3,0.5,0.5
0.3,0.4,0.5,0.6
0.4,1,0.6,0.9
1,5.3,0.9,7.6
5.3,2.6,7.6,3.4
2.6,1.9,3.4,2.4
1.9,1.1,2.4,1.5
1.1,0.9,1.5,1.3
0.9,0.9,1.3,1.2
0.9,0.8,1.2,1.1
0.8,0.7,1.1,0.9
0.7,0.7,0.9,1
0.7,1.4,1,1.9
1.4,0.8,1.9,1.1
0.8,0.7,1.1,0.9
0.7,0.7,0.9,0.9
0.7,0.7,0.9,0.9
0.7,0.7,0.9,0.8
0.7,0.7,0.8,0.8
0.7,0.7,0.8,0.9
0.7,0.9,0.9,1.2
0.9,0.7,1.2,0.9
0.7,0.8,0.9,1
0.8,0.5,1,0.8
0.5,0.9,0.8,1.2
0.9,0.7,1.2,1
0.7,0.8,1,1.1
0.8,0.6,1.1,0.9
0.6,0.5,0.9,0.9
0.5,0.5,0.9,0.9
0.5,0.4,0.9,0.8
0.4,0.5,0.8,0.8
0.5,0.5,0.8,0.8
0.5,1.6,0.8,1.4
1.6,0.8,1.4,0.9
0.8,0.6,0.9,0.9
0.6,0.7,0.9,1
0.7,0.7,1,1
0.7,1.5,1,1.2
1.5,1,1.2,0.9
1,1.1,0.9,0.9
1.1,1.5,0.9,1
1.5,0.7,1,0.9
0.7,0.6,0.9,0.9
0.6,0.7,0.9,0.9
0.7,0.6,0.9,0.8
0.6,0.5,0.8,0.8
0.5,0.6,0.8,0.8
0.6,0.7,0.8,0.8
0.7,0.5,0.8,0.8
0.5,0.5,0.8,0.9
0.5,0.6,0.9,0.9
0.6,0.4,0.9,0.8
0.4,0.4,0.8,0.8
0.4,0.5,0.8,0.8
0.5,0.9,0.8,1.2
0.9,0.9,1.2,1.2
0.9,1.9,1.2,1.5
1.9,2.2,1.5,1.3
2.2,0.6,1.3,0.9
0.6,0.3,0.9,0.8
0.3,0.3,0.8,0.9
0.3,1.4,0.9,1.6
1.4,5.5,1.6,2.5
5.5,2.1,2.5,1.8
2.1,1.6,1.8,1.8
1.6,0.9,1.8,1.4
0.9,0.6,1.4,1.2
0.6,0.5,1.2,1.1
0.5,0.4,1.1,1
0.4,0.4,1,1
0.4,0.5,1,0.9
0.5,0.5,0.9,1
0.5,0.4,1,0.9
0.4,0.4,0.9,0.9
0.4,0.4,0.9,0.8
0.4,0.4,0.8,0.8
0.4,0.3,0.8,0.8
0.3,0.3,0.8,0.8
0.3,0.4,0.8,0.9
0.4,0.3,0.9,0.8
0.3,0.3,0.8,0.8
0.3,0.3,0.8,0.8
0.3,0.3,0.8,0.9
0.3,0.2,0.9,0.8
0.2,0.2,0.8,0.8
0.2,0.3,0.8,1
0.3,0.3,1,0.9
0.3,0.2,0.9,0.9
0.2,0.2,0.9,0.8
0.2,0.3,0.8,0.9
0.3,0.2,0.9,0.9
0.2,0.2,0.9,0.8
0.2,0.4,0.8,1
0.4,1.6,1,1.6
1.6,1.5,1.6,1.8
1.5,1.5,1.8,1.8
1.5,7.7,1.8,3.1
7.7,3.8,3.1,2.3
3.8,235.2,2.3,14.9
235.2,55.6,14.9,10
55.6,8.5,10,3.8
8.5,4.1,3.8,2.7
4.1,3,2.7,2.3
3,2.7,2.3,2.1
2.7,2.8,2.1,2.1
2.8,2.9,2.1,2
2.9,2.8,2,1.9
2.8,3.3,1.9,2
3.3,60.3,2,17
60.3,343.1,17,34
343.1,122.4,34,23.3
122.4,14,23.3,8.5
14,7,8.5,6
7,4.4,6,5.2
4.4,3.1,5.2,4.3
3.1,2.4,4.3,3.8
2.4,1.9,3.8,3.4
1.9,1.8,3.4,3.5
1.8,2.1,3.5,3.6
2.1,2,3.6,3.6
2,4.9,3.6,7.3
4.9,6.6,7.3,6.1
6.6,3.9,6.1,4.9
3.9,2.6,4.9,4.1
2.6,2,4.1,3.6
2,1.9,3.6,3.5
1.9,2.3,3.5,3.5
2.3,2.2,3.5,3.2
2.2,1.9,3.2,3
1.9,1.6,3,2.9
1.6,2,2.9,3.2
2,1.7,3.2,3
1.7,1.4,3,2.7
1.4,1.3,2.7,2.6
1.3,1.2,2.6,2.5
1.2,1.1,2.5,2.4
1.1,1,2.4,2.3
1,1,2.3,2.3
1,0.9,2.3,2.2
0.9,0.9,2.2,2.1
0.9,0.9,2.1,2.2
0.9,0.8,2.2,2.1
0.8,0.8,2.1,2.1
0.8,0.9,2.1,2.1
0.9,0.9,2.1,2.1
0.9,1,2.1,2.3
1,1.5,2.3,2.6
1.5,3.8,2.6,3.6
3.8,2.1,3.6,3
2.1,1.3,3,2.7
1.3,23.4,2.7,6.4
23.4,46,6.4,9.4
46,24.9,9.4,10
24.9,12.2,10,8.2
12.2,5.3,8.2,6.2
5.3,3.6,6.2,5.3
3.6,2.4,5.3,4.6
2.4,2,4.6,4
2,1.8,4,3.5
1.8,1.5,3.5,3.2
1.5,1.3,3.2,3
1.3,1.8,3,2.7
1.8,1.1,2.7,2.6
1.1,1.4,2.6,2.7
1.4,10.6,2.7,5.2
10.6,12.3,5.2,6.4
12.3,5.8,6.4,6
5.8,6,6,6.1
6,4.4,6.1,5.6
4.4,2.6,5.6,4.7
2.6,10.8,4.7,6.7
10.8,28.8,6.7,8.8
28.8,15.7,8.8,8.4
15.7,6.6,8.4,6.9
6.6,4.3,6.9,6.2
4.3,3.5,6.2,6
3.5,4.7,6,6.4
4.7,3.6,6.4,6.1
3.6,3.3,6.1,5.9
3.3,43.2,5.9,8.6
43.2,86,8.6,15.3
86,9.8,15.3,8
9.8,6,8,7
6,4.3,7,6.4
4.3,19.4,6.4,8.9
19.4,9.3,8.9,7.8
9.3,4.8,7.8,6.5
4.8,3.2,6.5,5.8
3.2,3,5.8,5.5
3,2.7,5.5,5.3
2.7,2.4,5.3,5
2.4,265.3,5,27
265.3,78.1,27,18.9
78.1,17.3,18.9,10.7
17.3,10.1,10.7,9
10.1,5.9,9,7.4
5.9,4.3,7.4,6.7
4.3,3.6,6.7,6.3
3.6,3.4,6.3,5.8
3.4,3.2,5.8,5.6
3.2,3,5.6,5.5
3,4.3,5.5,5.9
4.3,8.6,5.9,7.3
8.6,4.5,7.3,6.3
4.5,3.6,6.3,6
3.6,4.8,6,6.6
4.8,4.1,6.6,6.3
4.1,3.1,6.3,5.5
3.1,2.3,5.5,4.7
2.3,1.8,4.7,4.1
1.8,1.7,4.1,3.9
1.7,1.6,3.9,3.8
1.6,1.5,3.8,3.7
1.5,1.3,3.7,3.6
1.3,1.8,3.6,3.5
1.8,1.3,3.5,3.4
1.3,1.2,3.4,3.3
1.2,1.2,3.3,3.2
1.2,1.1,3.2,3.2
1.1,1.1,3.2,3.2
1.1,1,3.2,3.1
1,1,3.1,3.1
1,1,3.1,3.1
1,1,3.1,3.1
1,1,3.1,3
1,1.2,3,3.4
1.2,1,3.4,3.1
1,0.9,3.1,3
0.9,2.7,3,4
2.7,1.8,4,3.6
1.8,4.6,3.6,4.6
4.6,5.4,4.6,5.1
5.4,2.7,5.1,4
2.7,1.7,4,3.3
1.7,1.3,3.3,3
1.3,1.2,3,2.9
1.2,1.1,2.9,2.7
1.1,1,2.7,2.6
1,0.9,2.6,2.6
0.9,1,2.6,2.6
1,0.9,2.6,2.5
0.9,0.8,2.5,2.5
0.8,0.7,2.5,2.4
0.7,0.8,2.4,2.5
0.8,1.1,2.5,2.8
1.1,0.9,2.8,2.6
0.9,0.8,2.6,2.8
0.8,6.9,2.8,5
6.9,4.2,5,4
4.2,1.5,4,3
1.5,1.1,3,2.7
1.1,1,2.7,2.6
1,0.9,2.6,2.5
0.9,0.8,2.5,2.5
0.8,0.8,2.5,2.5
0.8,0.7,2.5,2.4
0.7,2.1,2.4,3.6
2.1,2,3.6,3.3
2,1,3.3,2.9
1,1.1,2.9,2.8
1.1,1,2.8,2.7
1,0.8,2.7,2.5
0.8,0.7,2.5,2.3
0.7,0.7,2.3,2.2
0.7,1,2.2,2.5
1,0.7,2.5,2.1
0.7,0.6,2.1,2
0.6,0.6,2,1.9
0.6,0.6,1.9,1.8
0.6,0.6,1.8,1.8
0.6,0.6,1.8,1.7
0.6,0.6,1.7,1.6
0.6,0.7,1.6,1.7
0.7,0.9,1.7,1.9
0.9,0.9,1.9,1.7
0.9,0.7,1.7,1.6
0.7,1,1.6,1.8
1,1.8,1.8,1.7
1.8,1,1.7,1.6
1,1,1.6,1.6
1,0.9,1.6,1.5
0.9,1,1.5,1.4
1,0.9,1.4,1.4
0.9,2.1,1.4,1.8
2.1,14.3,1.8,3.7
14.3,3.5,3.7,2.3
3.5,1.7,2.3,1.8
1.7,1.4,1.8,1.6
1.4,1.2,1.6,1.5
1.2,1.3,1.5,1.6
1.3,2.9,1.6,2.1
2.9,2.1,2.1,2
2.1,11.2,2,2.8
11.2,20.8,2.8,4.5
20.8,21.7,4.5,6.1
21.7,9.5,6.1,4.5
9.5,3.6,4.5,2.8
3.6,16.3,2.8,2.4
16.3,2.7,2.4,2
2.7,3.2,2,2.2
3.2,58.9,2.2,4.3
58.9,4.1,4.3,2.2
4.1,2.3,2.2,1.9
2.3,5.6,1.9,2.2
5.6,15.1,2.2,2.4
15.1,3.7,2.4,2.4
3.7,2.8,2.4,2.2
2.8,2.4,2.2,2
2.4,32.1,2,5.8
32.1,21,5.8,5.3
21,4.1,5.3,2.7
4.1,2.6,2.7,2.2
2.6,2.3,2.2,2
2.3,2,2,1.8
2,1.8,1.8,1.7
1.8,1.7,1.7,1.5
1.7,1.7,1.5,1.5
1.7,2.4,1.5,1.7
2.4,2.3,1.7,1.4
2.3,2.1,1.4,1.4
2.1,1.8,1.4,1.4
1.8,1.6,1.4,1.3
1.6,1.5,1.3,1.3
1.5,1.6,1.3,1.3
1.6,1.7,1.3,1.4
1.7,1.3,1.4,1.2
1.3,1.3,1.2,1.3
1.3,1.3,1.3,1.1
1.3,1.3,1.1,1.3
1.3,1.2,1.3,1.1
1.2,1.1,1.1,1.1
1.1,1.1,1.1,1.1
1.1,1.1,1.1,1.2
1.1,1.7,1.2,1.4
1.7,2.9,1.4,1.7
2.9,10.1,1.7,3.2
10.1,2.9,3.2,1.9
2.9,1.3,1.9,1.5
1.3,1.5,1.5,1.6
1.5,1.3,1.6,1.4
1.3,1.1,1.4,1.2
1.1,1,1.2,1.1
1,1.2,1.1,1.2
1.2,1.2,1.2,1.2
1.2,3.6,1.2,1.9
3.6,5.4,1.9,2.2
5.4,2.6,2.2,1.8
2.6,1.6,1.8,1.4
1.6,3.9,1.4,2.2
3.9,5.9,2.2,1.8
5.9,2.1,1.8,1.6
2.1,1.2,1.6,1.2
1.2,5,1.2,2.2
5,2.6,2.2,1.6
2.6,1.3,1.6,1.2
1.3,1.3,1.2,1.3
1.3,1.3,1.3,1.3
1.3,13.6,1.3,3.7
13.6,2.8,3.7,1.8
2.8,1.4,1.8,1.4
1.4,1.1,1.4,1.2
1.1,1.2,1.2,1.2
1.2,1.1,1.2,1.2
1.1,1,1.2,1.2
1,0.9,1.2,1.1
0.9,0.9,1.1,1.1
0.9,0.9,1.1,1
0.9,0.8,1,0.9
0.8,0.8,0.9,0.9
0.8,0.8,0.9,0.9
0.8,0.8,0.9,0.9
0.8,0.7,0.9,0.8
0.7,0.7,0.8,0.8
0.7,1.4,0.8,1.2
1.4,0.8,1.2,0.9
0.8,0.7,0.9,0.9
0.7,0.7,0.9,0.8
0.7,0.6,0.8,0.7
0.6,0.6,0.7,0.7
0.6,0.5,0.7,0.7
0.5,0.6,0.7,0.6
0.6,0.5,0.6,0.6
0.5,0.5,0.6,0.7
0.5,0.4,0.7,0.6
0.4,0.4,0.6,0.6
0.4,0.4,0.6,0.6
0.4,0.4,0.6,0.6
0.4,0.4,0.6,0.6
0.4,1.9,0.6,1.3
1.9,0.9,1.3,0.9
0.9,0.6,0.9,0.8
0.6,0.5,0.8,0.8
0.5,0.5,0.8,0.7
0.5,0.5,0.7,0.7
0.5,0.5,0.7,0.7
0.5,0.4,0.7,0.6
0.4,0.5,0.6,0.7
0.5,0.6,0.7,0.6
0.6,0.5,0.6,0.5
0.5,0.6,0.5,0.7
0.6,2.9,0.7,1.7
2.9,8.7,1.7,3.4
8.7,4.6,3.4,2.6
4.6,1.4,2.6,1.3
1.4,0.7,1.3,1
0.7,0.6,1,0.9
0.6,0.5,0.9,0.8
0.5,0.5,0.8,0.8
0.5,0.5,0.8,0.8
0.5,0.5,0.8,0.8
0.5,0.5,0.8,0.8
0.5,0.5,0.8,0.8
0.5,0.5,0.8,0.8
0.5,0.5,0.8,0.8
0.5,0.6,0.8,0.8
0.6,0.6,0.8,0.9
0.6,0.6,0.9,1
0.6,0.8,1,1.1
0.8,0.4,1.1,0.9
0.4,0.7,0.9,1.3
0.7,0.8,1.3,1.3
0.8,0.5,1.3,1.1
0.5,0.4,1.1,1
0.4,0.4,1,1
0.4,0.5,1,1
0.5,0.4,1,1
0.4,0.6,1,1
0.6,0.7,1,1
0.7,0.6,1,1
0.6,0.4,1,0.8
0.4,0.3,0.8,0.8
0.3,0.3,0.8,0.8
0.3,0.6,0.8,1
0.6,1.3,1,1.5
1.3,3.7,1.5,2.3
3.7,1.5,2.3,1.7
1.5,0.9,1.7,1.5
0.9,0.8,1.5,1.5
0.8,1.5,1.5,2
1.5,1.3,2,1.8
1.3,0.6,1.8,1.4
0.6,0.6,1.4,1.2
0.6,0.5,1.2,1.3
0.5,0.4,1.3,1.2
0.4,0.4,1.2,1.1
0.4,0.4,1.1,1.2
0.4,0.4,1.2,1.3
0.4,0.5,1.3,1.4
0.5,0.4,1.4,1.2
0.4,0.5,1.2,1.3
0.5,0.5,1.3,1.4
0.5,0.4,1.4,1.3
0.4,0.4,1.3,1.3
0.4,0.4,1.3,1.4
0.4,0.7,1.4,1.7
0.7,1.4,1.7,2.1
1.4,2.4,2.1,2.1
2.4,0.9,2.1,1.5
0.9,0.5,1.5,1.3
0.5,0.4,1.3,1.3
0.4,5.5,1.3,3.2
5.5,15.4,3.2,4.6
15.4,10.4,4.6,4.4
10.4,21.4,4.4,6.4
21.4,12.5,6.4,5.9
12.5,4.1,5.9,3.1
4.1,1.8,3.1,2.4
1.8,1.4,2.4,2.1
1.4,1.1,2.1,1.9
1.1,1,1.9,1.8
1,0.9,1.8,1.7
0.9,0.8,1.7,1.7
0.8,0.6,1.7,1.6
0.6,0.6,1.6,1.6
0.6,0.5,1.6,1.5
0.5,0.5,1.5,1.4
0.5,0.5,1.4,1.5
0.5,0.5,1.5,1.4
0.5,0.4,1.4,1.2
0.4,0.4,1.2,1.2
0.4,0.4,1.2,1.2
0.4,0.3,1.2,1
0.3,0.3,1,1.1
0.3,0.3,1.1,1.2
0.3,0.4,1.2,1.2
0.4,0.4,1.2,1.4
0.4,0.8,1.4,1.7
0.8,1.2,1.7,2
1.2,2.4,2,2.4
2.4,1.1,2.4,2
1.1,0.7,2,1.8
0.7,0.5,1.8,1.6
0.5,0.5,1.6,1.5
0.5,0.4,1.5,1.5
0.4,0.4,1.5,1.4
0.4,0.4,1.4,1.4
0.4,0.4,1.4,1.4
0.4,0.4,1.4,1.3
0.4,0.4,1.3,1.5
0.4,0.7,1.5,1.8
0.7,1.2,1.8,2.3
1.2,1.7,2.3,2.5
1.7,1,2.5,2.1
1,0.8,2.1,1.9
0.8,0.6,1.9,1.7
0.6,0.5,1.7,1.4
0.5,0.4,1.4,1.4
0.4,0.4,1.4,1.5
0.4,0.4,1.5,1.4
0.4,0.3,1.4,1.4
0.3,0.4,1.4,1.4
0.4,0.4,1.4,1.5
0.4,0.4,1.5,1.9
0.4,0.4,1.9,1.5
0.4,0.4,1.5,1.5
0.4,0.3,1.5,1.4
0.3,0.3,1.4,1.4
0.3,0.4,1.4,1.5
0.4,0.5,1.5,1.7
0.5,0.5,1.7,1.6
0.5,0.4,1.6,1.6
0.4,0.4,1.6,1.5
0.4,0.3,1.5,1.4
0.3,0.3,1.4,1.4
0.3,0.3,1.4,2.1
0.3,0.3,2.1,1.8
0.3,0.3,1.8,1.4
0.3,0.3,1.4,1.4
0.3,0.3,1.4,1.4
0.3,0.3,1.4,1.3
0.3,0.2,1.3,1.3
0.2,0.2,1.3,1.3
0.2,0.2,1.3,1.3
0.2,0.2,1.3,1.2
0.2,0.3,1.2,1.3
0.3,0.3,1.3,1.2
0.3,0.5,1.2,1.4
0.5,0.5,1.4,1.4
0.5,0.5,1.4,1.4
0.5,0.5,1.4,1.5
0.5,0.6,1.5,1.6
0.6,1.2,1.6,2.2
1.2,1.1,2.2,2
1.1,0.7,2,1.7
0.7,0.6,1.7,1.5
0.6,0.6,1.5,1.4
0.6,0.5,1.4,1.4
0.5,0.5,1.4,1.3
0.5,0.4,1.3,1.3
0.4,0.3,1.3,1.1
0.3,0.6,1.1,0.9
0.6,0.5,0.9,0.9
0.5,0.5,0.9,1
0.5,5,1,1.4
5,15.5,1.4,1.9
15.5,17.4,1.9,2
17.4,28.9,2,3.1
28.9,225.8,3.1,13.1
225.8,77.8,13.1,14.2
77.8,58.3,14.2,16.8
58.3,20.7,16.8,9.3
20.7,7.1,9.3,5.2
7.1,4.3,5.2,3.7
4.3,2.5,3.7,3.2
2.5,2.4,3.2,3.1
2.4,3,3.1,3.7
3,3.8,3.7,4.2
3.8,2.7,4.2,3.5
2.7,1.6,3.5,2.8
1.6,1.3,2.8,2.5
1.3,2.9,2.5,3.4
2.9,5.2,3.4,4.6
5.2,2.5,4.6,3.6
2.5,7.6,3.6,5.1
7.6,8.7,5.1,5.1
8.7,3.2,5.1,3.5
3.2,1.8,3.5,3
1.8,1.4,3,2.7
1.4,1.5,2.7,2.7
1.5,1.3,2.7,2.5
1.3,1.1,2.5,2.3
1.1,1,2.3,2.2
1,6.4,2.2,3.8
6.4,55,3.8,10.5
55,12.4,10.5,6.9
12.4,4.4,6.9,4.2
4.4,4.2,4.2,4.1
4.2,3.9,4.1,4
3.9,3,4,3.4
3,2.6,3.4,3
2.6,2.2,3,2.7
2.2,2,2.7,2.4
2,1.7,2.4,2.3
1.7,1.6,2.3,2.1
1.6,1.7,2.1,2.1
1.7,1.6,2.1,2
1.6,1.6,2,1.9
1.6,1.7,1.9,2
1.7,1.6,2,1.8
1.6,1.5,1.8,1.8
1.5,1.6,1.8,1.8
1.6,1.5,1.8,1.7
1.5,1.4,1.7,1.7
1.4,1.3,1.7,1.6
1.3,1.3,1.6,1.5
1.3,1.2,1.5,1.5
1.2,1.1,1.5,1.4
1.1,1.1,1.4,1.4
1.1,1.1,1.4,1.4
1.1,1.2,1.4,1.4
1.2,1.1,1.4,1.4
1.1,1.1,1.4,1.4
1.1,1.2,1.4,1.5
1.2,1.3,1.5,1.5
1.3,1.2,1.5,1.4
1.2,1.1,1.4,1.4
1.1,1.1,1.4,1.3
1.1,1.3,1.3,1.5
1.3,1.2,1.5,1.5
1.2,1.1,1.5,1.3
1.1,1,1.3,1.3
1,1.6,1.3,1.7
1.6,1.4,1.7,1.6
1.4,1.2,1.6,1.4
1.2,1.1,1.4,1.4
1.1,1,1.4,1.2
1,0.9,1.2,1.2
0.9,1.5,1.2,1.7
1.5,1.4,1.7,1.6
1.4,1.6,1.6,1.8
1.6,1.7,1.8,1.8
1.7,1.2,1.8,1.4
1.2,1.1,1.4,1.3
1.1,1,1.3,1.2
1,1,1.2,1.2
1,1,1.2,1.2
1,0.9,1.2,1.1
0.9,1,1.1,1.2
1,1.1,1.2,1.3
1.1,1.5,1.3,1.6
1.5,1.9,1.6,2
1.9,1.1,2,1.3
1.1,0.9,1.3,1.1
0.9,0.9,1.1,1
0.9,0.8,1,1
0.8,2.8,1,2.5
2.8,1.2,2.5,1.3
1.2,1,1.3,1.1
1,0.9,1.1,1.1
0.9,0.8,1.1,0.9
0.8,0.7,0.9,0.9
0.7,0.8,0.9,0.9
0.8,0.7,0.9,0.9
0.7,0.7,0.9,0.8
0.7,0.6,0.8,0.8
0.6,0.7,0.8,0.8
0.7,0.8,0.8,1
0.8,0.6,1,0.8
0.6,0.6,0.8,0.7
0.6,0.7,0.7,0.9
0.7,5.5,0.9,3.6
5.5,1.7,3.6,1.7
1.7,1.3,1.7,1.4
1.3,1.7,1.4,1.7
1.7,1,1.7,1.1
1,0.8,1.1,1
0.8,1.5,1,1.5
1.5,0.8,1.5,1
0.8,0.7,1,0.8
0.7,0.7,0.8,0.8
0.7,0.6,0.8,0.8
0.6,0.6,0.8,0.7
0.6,0.6,0.7,0.7
0.6,0.6,0.7,0.7
0.6,0.6,0.7,0.7
0.6,0.6,0.7,0.7
0.6,0.6,0.7,0.7
0.6,0.6,0.7,0.7
0.6,0.7,0.7,0.8
0.7,2,0.8,1.8
2,0.7,1.8,0.8
0.7,0.6,0.8,0.7
0.6,0.6,0.7,0.7
0.6,0.6,0.7,0.7
0.6,0.7,0.7,0.8
0.7,1.2,0.8,1.2
1.2,1,1.2,1.1
1,0.6,1.1,0.7
0.6,0.6,0.7,0.7
0.6,0.6,0.7,0.7
0.6,0.6,0.7,0.6
0.6,0.5,0.6,0.6
0.5,0.5,0.6,0.6
0.5,0.8,0.6,0.8
0.8,0.6,0.8,0.7
0.6,0.5,0.7,0.6
0.5,0.8,0.6,0.8
0.8,2,0.8,1.9
2,1.1,1.9,1.1
1.1,1.2,1.1,1.3
1.2,0.7,1.3,0.8
0.7,4.4,0.8,3.1
4.4,1.3,3.1,1.4
1.3,0.8,1.4,0.9
0.8,0.7,0.9,0.8
0.7,0.6,0.8,0.7
0.6,3.5,0.7,2.7
3.5,1.2,2.7,1.2
1.2,0.7,1.2,0.8
0.7,0.7,0.8,0.8
0.7,1,0.8,1.1
1,1.5,1.1,1.5
1.5,1.9,1.5,1.9
1.9,2,1.9,1.9
2,1.2,1.9,1.3
1.2,0.9,1.3,1
0.9,0.7,1,0.8
0.7,1,0.8,1.1
1,0.7,1.1,0.8
0.7,1.2,0.8,1.2
1.2,0.9,1.2,1
0.9,0.8,1,0.9
0.8,0.7,0.9,0.8
0.7,0.6,0.8,0.7
0.6,0.6,0.7,0.7
0.6,0.5,0.7,0.6
0.5,0.7,0.6,0.6
0.7,4.2,0.6,1.8
4.2,8.3,1.8,2.2
8.3,1.5,2.2,1
1.5,0.8,1,0.9
0.8,0.7,0.9,0.8
0.7,0.7,0.8,0.8
0.7,1.6,0.8,1.1
1.6,0.9,1.1,0.8
0.9,0.7,0.8,0.7
0.7,2.1,0.7,1.3
2.1,0.9,1.3,0.8
0.9,0.7,0.8,0.7
0.7,0.6,0.7,0.7
0.6,0.5,0.7,0.8
0.5,0.5,0.8,0.8
0.5,0.6,0.8,0.8
0.6,2.1,0.8,1.6
2.1,0.8,1.6,1
0.8,0.6,1,0.9
0.6,0.5,0.9,0.8
0.5,0.4,0.8,0.7
0.4,0.7,0.7,1
0.7,2.3,1,2
2.3,1.2,2,1.5
1.2,1.5,1.5,1.5
1.5,0.8,1.5,1.1
0.8,0.6,1.1,1
0.6,0.4,1,0.9
0.4,0.4,0.9,0.8
0.4,0.4,0.8,0.8
0.4,0.5,0.8,0.8
0.5,0.5,0.8,0.9
0.5,0.5,0.9,0.8
0.5,0.4,0.8,0.8
0.4,0.5,0.8,0.8
0.5,3.8,0.8,3.5
3.8,3.5,3.5,3.4
3.5,1.4,3.4,1.9
1.4,1,1.9,1.5
1,1.2,1.5,1.7
1.2,1,1.7,1.5
1,0.8,1.5,1.3
0.8,0.7,1.3,1.2
0.7,0.6,1.2,1.1
0.6,0.6,1.1,1.1
0.6,0.5,1.1,1
0.5,0.5,1,1
0.5,0.5,1,1
0.5,0.4,1,1
0.4,0.4,1,1
0.4,0.5,1,1.1
0.5,0.5,1.1,1.1
0.5,0.7,1.1,1.3
0.7,0.6,1.3,1.3
0.6,2.6,1.3,3
2.6,1.6,3,2.4
1.6,1,2.4,1.8
1,0.9,1.8,1.7
0.9,1.2,1.7,2
1.2,2,2,2.7
2,2.6,2.7,3.2
2.6,1.4,3.2,2.2
1.4,1.3,2.2,2.1
1.3,1.3,2.1,2.1
1.3,1.2,2.1,1.9
1.2,1,1.9,1.7
1,0.8,1.7,1.4
0.8,0.7,1.4,1.3
0.7,0.7,1.3,1.2
0.7,0.6,1.2,1.2
0.6,0.7,1.2,1.3
0.7,0.7,1.3,1.3
0.7,0.8,1.3,1.4
0.8,1,1.4,1.7
1,0.9,1.7,1.6
0.9,0.9,1.6,1.5
0.9,0.9,1.5,1.5
0.9,0.9,1.5,1.6
0.9,1.6,1.6,2.2
1.6,1.7,2.2,2.3
1.7,7.8,2.3,5.2
7.8,8.9,5.2,4.6
8.9,2.2,4.6,2.4
2.2,1,2.4,2
1,0.7,2,1.8
0.7,0.5,1.8,1.6
0.5,0.4,1.6,1.6
0.4,0.5,1.6,1.7
0.5,2.3,1.7,2.6
2.3,1.1,2.6,1.9
1.1,0.8,1.9,1.7
0.8,1.1,1.7,2.2
1.1,0.8,2.2,2
0.8,3.5,2,3.3
3.5,11,3.3,4.8
11,5.1,4.8,4.3
5.1,3.6,4.3,3.7
3.6,2.1,3.7,3
2.1,2.1,3,3
2.1,1.7,3,2.8
1.7,1.4,2.8,2.5
1.4,1.3,2.5,2.5
1.3,1.4,2.5,2.7
1.4,2.7,2.7,3.5
2.7,7.7,3.5,5
7.7,2,5,3.3
2,1.3,3.3,2.7
1.3,4.2,2.7,3.8
4.2,7.4,3.8,5.1
7.4,1.9,5.1,3.6
1.9,30.1,3.6,8
30.1,18.2,8,7.6
18.2,3.3,7.6,4.6
3.3,1.9,4.6,3.7
1.9,1.5,3.7,3.2
1.5,1.2,3.2,2.9
1.2,1.1,2.9,2.7
1.1,1.2,2.7,2.8
1.2,2,2.8,3.2
2,1.8,3.2,3.2
1.8,4.1,3.2,4
4.1,2.9,4,3.7
2.9,1.4,3.7,2.9
1.4,5,2.9,4.2
5,15.8,4.2,6.9
15.8,4.5,6.9,4.4
4.5,7.8,4.4,5.6
7.8,5.1,5.6,5.5
5.1,3,5.5,4.4
3,1.9,4.4,3.6
1.9,1.5,3.6,3.3
1.5,1.2,3.3,3
1.2,1.1,3,2.9
1.1,2,2.9,3.3
2,11.5,3.3,6.7
11.5,5.2,6.7,5.4
5.2,38.1,5.4,8.9
38.1,18.4,8.9,8.1
18.4,5.7,8.1,5.8
5.7,3.2,5.8,4.6
3.2,2.5,4.6,4.3
2.5,2,4.3,3.8
2,1.8,3.8,3.6
1.8,113.2,3.6,11.9
113.2,98.5,11.9,10.6
98.5,42.1,10.6,11.7
42.1,659.4,11.7,26.6
659.4,83.6,26.6,22.5
83.6,22.6,22.5,13.1
22.6,15.9,13.1,11.4
15.9,9.8,11.4,8.7
9.8,6.7,8.7,7.4
6.7,5.4,7.4,6.6
5.4,4.7,6.6,6.1
4.7,3.9,6.1,5.5
3.9,3.4,5.5,5
3.4,3.5,5,4.8
3.5,2.8,4.8,4.4
2.8,2.4,4.4,4.1
2.4,25.3,4.1,8
25.3,16.3,8,9.3
16.3,11.8,9.3,8.1
11.8,14.1,8.1,9.4
14.1,5.4,9.4,6.8
5.4,4,6.8,6
4,3.1,6,5
3.1,3.3,5,5.3
3.3,23.4,5.3,9.7
23.4,23.2,9.7,13
23.2,11.3,13,9.9
11.3,7.4,9.9,8.5
7.4,7.5,8.5,8.5
7.5,11.8,8.5,9.9
11.8,12.5,9.9,10.5
12.5,10.9,10.5,9.1
10.9,35.3,9.1,15.4
35.3,14.1,15.4,10.5
14.1,7,10.5,8.1
7,5,8.1,6.8
5,3.8,6.8,5.8
3.8,3.5,5.8,5.4
3.5,3.2,5.4,4.9
3.2,2.8,4.9,4.6
2.8,2.6,4.6,4.4
2.6,2.4,4.4,4.1
2.4,2.3,4.1,4
2.3,2.3,4,4
2.3,2.3,4,3.7
2.3,2.5,3.7,3.5
2.5,2.1,3.5,3.4
2.1,2.1,3.4,3.4
2.1,2,3.4,3.3
2,1.7,3.3,3.1
1.7,1.6,3.1,2.9
1.6,1.6,2.9,2.8
1.6,1.6,2.8,2.7
1.6,1.4,2.7,2.6
1.4,1.4,2.6,2.4
1.4,1.4,2.4,2.3
1.4,1.4,2.3,2.2
1.4,1.8,2.2,2.6
1.8,1.4,2.6,2.3
1.4,1.2,2.3,2.1
1.2,1.2,2.1,2.1
1.2,1.2,2.1,2
1.2,1.3,2,2
1.3,1.3,2,2
1.3,1.1,2,2
1.1,1.2,2,2
1.2,1.3,2,2.3
1.3,1.9,2.3,2.4
1.9,1.2,2.4,2.4
1.2,1.4,2.4,2.8
1.4,2.1,2.8,3.2
2.1,53.6,3.2,7
53.6,22.1,7,7.4
22.1,10.9,7.4,7.1
10.9,4.7,7.1,4.8
4.7,3.5,4.8,4.2
3.5,4.1,4.2,4.5
4.1,2.4,4.5,3.5
2.4,2.1,3.5,3.1
2.1,1.7,3.1,2.9
1.7,1.6,2.9,2.8
1.6,1.5,2.8,2.7
1.5,1.4,2.7,2.7
1.4,1.6,2.7,2.8
1.6,1.8,2.8,2.9
1.8,1.6,2.9,2.8
1.6,1.4,2.8,2.6
1.4,1.5,2.6,2.7
1.5,5.4,2.7,4.5
5.4,2.9,4.5,3.5
2.9,2.1,3.5,3.1
2.1,2,3.1,3
2,2.1,3,3.1
2.1,1.8,3.1,2.9
1.8,1.6,2.9,2.8
1.6,1.6,2.8,2.8
1.6,1.6,2.8,2.9
1.6,1.3,2.9,2.6
1.3,1.3,2.6,2.4
1.3,1.2,2.4,2.3
1.2,1.2,2.3,2.3
1.2,3.7,2.3,3.7
3.7,2.4,3.7,3.2
2.4,1.5,3.2,2.7
1.5,1.4,2.7,2.5
1.4,1.3,2.5,2.3
1.3,1.3,2.3,2.4
1.3,1.4,2.4,2.3
1.4,1.2,2.3,2.2
1.2,1.1,2.2,2
1.1,1.3,2,2
1.3,1.1,2,1.9
1.1,1,1.9,1.8
1,1.5,1.8,2.1
1.5,2.7,2.1,2.5
2.7,1.4,2.5,2
1.4,1.2,2,1.8
1.2,1.1,1.8,1.8
1.1,1.4,1.8,1.8
1.4,1.2,1.8,1.7
1.2,1.3,1.7,1.6
1.3,1.2,1.6,1.5
1.2,1.1,1.5,1.5
1.1,1.1,1.5,1.6
1.1,1,1.6,1.5
1,1,1.5,1.6
1,1.1,1.6,1.5
1.1,0.8,1.5,1.5
0.8,0.7,1.5,1.4
0.7,0.7,1.4,1.4
0.7,1,1.4,1.5
1,1.4,1.5,1.7
1.4,1.4,1.7,1.7
1.4,24.1,1.7,2.4
24.1,4.1,2.4,1.5
4.1,1.5,1.5,1.5
1.5,2.3,1.5,1.8
2.3,1.5,1.8,1.6
1.5,1.3,1.6,1.5
1.3,2.4,1.5,1.7
2.4,6.3,1.7,1.9
6.3,1.7,1.9,1.4
1.7,1.4,1.4,1.3
1.4,102,1.3,2.1
102,186.8,2.1,3.6
186.8,20.5,3.6,2.6
20.5,4.6,2.6,1.8
4.6,3.2,1.8,1.6
3.2,2.4,1.6,1.4
2.4,2.2,1.4,1.4
2.2,4.5,1.4,1.7
4.5,1065.7,1.7,8.9
1065.7,780.9,8.9,12.6
780.9,19.3,12.6,2.8
19.3,6.4,2.8,1.8
6.4,3.7,1.8,1.5
3.7,2.9,1.5,1.4
2.9,2.5,1.4,1.3
2.5,2.3,1.3,1.3
2.3,2.3,1.3,1.3
2.3,2.5,1.3,1.3
2.5,6.5,1.3,1.8
6.5,4.4,1.8,1.8
4.4,28.1,1.8,3.8
28.1,4.9,3.8,1.9
4.9,2.7,1.9,1.5
2.7,2.1,1.5,1.4
2.1,2,1.4,1.3
2,2,1.3,1.3
2,1.8,1.3,1.2
1.8,1.7,1.2,1.2
1.7,1.7,1.2,1.1
1.7,1.6,1.1,1.1
1.6,1.8,1.1,1.1
1.8,1.8,1.1,1.2
1.8,1.5,1.2,1.1
1.5,1.4,1.1,1.1
1.4,1.3,1.1,1
1.3,1.3,1,1
1.3,1.5,1,1.1
1.5,1.5,1.1,1.1
1.5,1.2,1.1,0.9
1.2,1.2,0.9,0.8
1.2,1.2,0.8,0.8
1.2,1.1,0.8,0.8
1.1,1.1,0.8,0.8
1.1,1.1,0.8,0.8
1.1,2.2,0.8,1.3
2.2,1.1,1.3,0.9
1.1,1,0.9,0.8
1,1,0.8,0.7
1,1.2,0.7,0.9
1.2,1.8,0.9,1.2
1.8,1.6,1.2,1.1
1.6,1,1.1,0.9
1,0.9,0.9,0.8
0.9,1.1,0.8,0.9
1.1,1.2,0.9,0.9
1.2,1.1,0.9,0.9
1.1,0.9,0.9,0.8
0.9,0.7,0.8,0.6
0.7,0.8,0.6,0.7
0.8,0.7,0.7,0.7
0.7,0.9,0.7,0.9
0.9,0.8,0.9,0.8
0.8,0.7,0.8,0.7
0.7,0.6,0.7,0.5
0.6,0.6,0.5,0.6
0.6,0.6,0.6,0.6
0.6,0.5,0.6,0.6
0.5,1.1,0.6,1
1.1,0.5,1,0.6
0.5,0.4,0.6,0.6
0.4,0.5,0.6,0.6
0.5,0.4,0.6,0.5
0.4,0.5,0.5,0.6
0.5,0.4,0.6,0.6
0.4,0.5,0.6,0.6
0.5,0.8,0.6,0.7
0.8,0.6,0.7,0.5
0.6,0.4,0.5,0.4
0.4,0.5,0.4,0.5
0.5,0.4,0.5,0.5
0.4,0.4,0.5,0.5
0.4,0.4,0.5,0.5
0.4,0.3,0.5,0.5
0.3,0.5,0.5,0.6
0.5,0.4,0.6,0.5
0.4,0.5,0.5,0.5
0.5,0.4,0.5,0.5
0.4,0.3,0.5,0.5
0.3,0.3,0.5,0.4
0.3,0.3,0.4,0.4
0.3,0.3,0.4,0.4
0.3,0.3,0.4,0.4
0.3,0.4,0.4,0.5
0.4,0.5,0.5,0.5
0.5,0.4,0.5,0.5
0.4,0.4,0.5,0.5
0.4,0.6,0.5,0.5
0.6,0.4,0.5,0.5
0.4,0.4,0.5,0.5
0.4,4.1,0.5,1.6
4.1,1.1,1.6,0.8
1.1,0.5,0.8,0.5
0.5,0.5,0.5,0.6
0.5,1.3,0.6,1.2
1.3,0.9,1.2,0.8
0.9,0.7,0.8,0.7
0.7,0.6,0.7,0.6
0.6,0.6,0.6,0.5
0.6,1,0.5,0.8
1,0.7,0.8,0.5
0.7,0.3,0.5,0.3
0.3,0.4,0.3,0.4
0.4,0.3,0.4,0.4
0.3,0.4,0.4,0.5
0.4,0.8,0.5,0.7
0.8,0.4,0.7,0.4
0.4,0.4,0.4,0.4
0.4,0.3,0.4,0.4
0.3,0.5,0.4,0.5
0.5,0.8,0.5,0.7
0.8,0.8,0.7,0.6
0.8,0.6,0.6,0.5
0.6,0.6,0.5,0.5
0.6,3.9,0.5,1.2
3.9,36.2,1.2,2.8
36.2,16.7,2.8,0.9
16.7,1.3,0.9,0.7
1.3,0.7,0.7,0.5
0.7,0.7,0.5,0.6
0.7,0.7,0.6,0.6
0.7,0.4,0.6,0.4
0.4,0.5,0.4,0.5
0.5,0.5,0.5,0.5
0.5,0.5,0.5,0.6
0.5,0.5,0.6,0.5
0.5,0.4,0.5,0.5
0.4,0.4,0.5,0.6
0.4,0.3,0.6,0.5
0.3,0.5,0.5,0.5
0.5,0.5,0.5,0.6
0.5,0.5,0.6,0.5
0.5,0.4,0.5,0.5
0.4,0.5,0.5,0.7
0.5,0.5,0.7,0.7
0.5,0.3,0.7,0.5
0.3,0.2,0.5,0.3
0.2,0.4,0.3,0.5
0.4,0.2,0.5,0.4
0.2,0.1,0.4,0.4
0.1,0.2,0.4,0.5
0.2,0.2,0.5,0.5
0.2,0.2,0.5,0.5
0.2,0.2,0.5,0.5
0.2,0.2,0.5,0.5
0.2,0.5,0.5,0.7
0.5,0.5,0.7,0.9
0.5,0.3,0.9,0.6
0.3,0.4,0.6,0.7
0.4,0.4,0.7,0.8
0.4,0.5,0.8,1
0.5,0.4,1,0.8
0.4,0.3,0.8,0.7
0.3,0.3,0.7,0.7
0.3,0.2,0.7,0.8
0.2,0.2,0.8,0.6
0.2,0.2,0.6,0.6
0.2,0.3,0.6,0.5
0.3,0.4,0.5,0.6
0.4,0.3,0.6,0.6
0.3,0.5,0.6,0.7
0.5,0.4,0.7,0.8
0.4,0.3,0.8,0.6
0.3,0.3,0.6,0.7
0.3,0.3,0.7,0.6
0.3,0.3,0.6,0.6
0.3,0.4,0.6,0.8
0.4,0.3,0.8,0.8
0.3,0.2,0.8,0.6
0.2,0.2,0.6,0.7
0.2,0.2,0.7,0.7
0.2,0.2,0.7,0.6
0.2,0.2,0.6,0.6
0.2,0.2,0.6,0.7
0.2,0.3,0.7,0.6
0.3,0.3,0.6,0.7
0.3,0.3,0.7,0.7
0.3,0.2,0.7,0.7
0.2,0.3,0.7,0.7
0.3,0.2,0.7,0.6
0.2,0.2,0.6,0.6
0.2,0.2,0.6,0.6
0.2,0.2,0.6,0.7
0.2,0.8,0.7,1.3
0.8,1,1.3,1.3
1,64.3,1.3,6.8
64.3,33.3,6.8,6.7
33.3,4.5,6.7,3
4.5,1.2,3,1.7
1.2,1.1,1.7,1.6
1.1,2,1.6,2.3
2,23.1,2.3,6.2
23.1,7.1,6.2,4.3
7.1,1.9,4.3,2.5
1.9,1,2.5,1.9
1,0.8,1.9,1.6
0.8,0.5,1.6,1.3
0.5,0.4,1.3,1.1
0.4,0.3,1.1,1.1
0.3,0.3,1.1,1
0.3,0.3,1,1.1
0.3,0.4,1.1,1
0.4,0.5,1,1.3
0.5,25.8,1.3,3.9
25.8,63.2,3.9,8.5
63.2,7.4,8.5,4.8
7.4,69.2,4.8,10.4
69.2,11.5,10.4,5.6
11.5,3,5.6,3.1
3,1.9,3.1,2.4
1.9,1.8,2.4,2.1
1.8,1.4,2.1,1.9
1.4,1.4,1.9,2
1.4,1.4,2,1.9
1.4,1.3,1.9,1.9
1.3,1.3,1.9,2.2
1.3,0.9,2.2,1.9
0.9,0.8,1.9,1.6
0.8,1,1.6,1.9
1,5.4,1.9,3.9
5.4,3.9,3.9,3.6
3.9,5.7,3.6,4
5.7,16.7,4,6.7
16.7,3.3,6.7,3.7
3.3,2.2,3.7,2.8
2.2,2.1,2.8,2.6
2.1,5.1,2.6,3.7
5.1,88,3.7,12.6
88,8.6,12.6,6.2
8.6,3.5,6.2,4.5
3.5,4.3,4.5,4.7
4.3,8.7,4.7,6.4
8.7,2.4,6.4,3.9
2.4,1.6,3.9,3.1
1.6,1.1,3.1,2.7
1.1,1,2.7,2.3
1,1.2,2.3,2.4
1.2,0.8,2.4,2.1
0.8,0.7,2.1,1.9
0.7,0.8,1.9,1.9
0.8,1.1,1.9,2.4
1.1,1.2,2.4,2.5
1.2,0.9,2.5,2.2
0.9,0.8,2.2,2
0.8,0.7,2,1.9
0.7,0.6,1.9,1.8
0.6,0.5,1.8,1.8
0.5,0.6,1.8,1.8
0.6,0.6,1.8,1.7
0.6,0.5,1.7,1.6
0.5,0.5,1.6,1.6
0.5,0.4,1.6,1.5
0.4,0.5,1.5,1.6
0.5,0.7,1.6,1.9
0.7,15.4,1.9,4.2
15.4,60.2,4.2,10.3
60.2,6.8,10.3,5.6
6.8,3.1,5.6,3.8
3.1,2.2,3.8,3.4
2.2,1.7,3.4,3.1
1.7,1.5,3.1,2.9
1.5,1.4,2.9,2.8
1.4,1.3,2.8,2.9
1.3,1.2,2.9,2.8
1.2,1.1,2.8,2.7
1.1,1.1,2.7,2.7
1.1,2.6,2.7,3.7
2.6,3.9,3.7,4
3.9,1.7,4,3
1.7,1.1,3,2.6
1.1,1,2.6,2.6
1,1.1,2.6,2.7
1.1,1.3,2.7,2.9
1.3,2,2.9,3.4
2,4.8,3.4,4.5
4.8,3.1,4.5,4.1
3.1,2.5,4.1,3.8
2.5,4.3,3.8,4.7
4.3,8,4.7,5.4
8,2.8,5.4,4
2.8,2.8,4,3.9
2.8,6.9,3.9,5.2
6.9,141.4,5.2,10.9
141.4,94.8,10.9,14.9
94.8,13.1,14.9,8.5
13.1,10.9,8.5,7.1
10.9,18.2,7.1,8.2
18.2,46.4,8.2,13.6
46.4,174.3,13.6,29.5
174.3,27.3,29.5,16.4
27.3,12.2,16.4,10.6
12.2,6.7,10.6,8.4
6.7,4.3,8.4,6.9
4.3,3.3,6.9,5.6
3.3,2.8,5.6,4.9
2.8,2.8,4.9,4.5
2.8,2.6,4.5,4.2
2.6,2,4.2,4.1
2,1.7,4.1,4
1.7,1.6,4,4
1.6,1.6,4,3.6
1.6,2.1,3.6,3.4
2.1,1.7,3.4,3.2
1.7,1.5,3.2,3
1.5,1.2,3,2.8
1.2,1,2.8,2.7
1,1.2,2.7,2.6
1.2,1.2,2.6,2.5
1.2,1.2,2.5,2.4
1.2,1,2.4,2.4
1,0.9,2.4,2.2
0.9,0.9,2.2,2.2
0.9,1.3,2.2,2.3
1.3,1,2.3,2.1
1,0.7,2.1,2
0.7,0.6,2,1.9
0.6,0.6,1.9,1.9
0.6,0.6,1.9,1.9
0.6,0.6,1.9,1.8
0.6,0.7,1.8,1.8
0.7,0.7,1.8,1.7
0.7,0.7,1.7,1.7
0.7,0.7,1.7,1.7
0.7,0.7,1.7,1.6
0.7,0.6,1.6,1.5
0.6,0.6,1.5,1.5
0.6,0.6,1.5,1.5
0.6,0.6,1.5,1.4
0.6,0.6,1.4,1.4
0.6,0.7,1.4,1.5
0.7,1.6,1.5,2.2
1.6,1.3,2.2,2.2
1.3,1.7,2.2,2.4
1.7,4.7,2.4,3.5
4.7,1.4,3.5,2.1
1.4,0.8,2.1,1.8
0.8,0.7,1.8,1.7
0.7,0.8,1.7,1.9
0.8,1.1,1.9,2
1.1,0.8,2,1.8
0.8,0.6,1.8,1.6
0.6,0.5,1.6,1.6
0.5,0.8,1.6,1.7
0.8,1.4,1.7,2.4
1.4,1.7,2.4,2.4
1.7,1.6,2.4,2.3
1.6,0.8,2.3,1.8
0.8,0.7,1.8,1.6
0.7,0.6,1.6,1.5
0.6,0.6,1.5,1.6
0.6,0.7,1.6,1.6
0.7,0.8,1.6,1.5
0.8,0.8,1.5,1.4
0.8,5.5,1.4,2
5.5,136.9,2,8.7
136.9,224.3,8.7,13.4
224.3,9,13.4,4.4
9,3.6,4.4,2.8
3.6,8.9,2.8,2.8
8.9,5.9,2.8,2.3
5.9,1.8,2.3,2
1.8,1.9,2,2.2
1.9,1.7,2.2,2
1.7,1.2,2,1.8
1.2,1,1.8,1.6
1,0.9,1.6,1.5
0.9,0.9,1.5,1.4
0.9,0.8,1.4,1.3
0.8,0.7,1.3,1.2
0.7,0.7,1.2,1.1
0.7,0.8,1.1,1.1
0.8,0.7,1.1,1.1
0.7,0.7,1.1,1.1
0.7,0.6,1.1,1
0.6,0.6,1,1.1
0.6,0.7,1.1,1.1
0.7,1.2,1.1,1.4
1.2,0.8,1.4,1.2
0.8,0.6,1.2,1.1
0.6,0.6,1.1,1
0.6,1.5,1,1.5
1.5,0.9,1.5,1.2
0.9,0.7,1.2,1
0.7,0.6,1,0.9
0.6,0.7,0.9,0.9
0.7,0.7,0.9,0.9
0.7,0.7,0.9,0.8
0.7,0.6,0.8,0.9
0.6,0.6,0.9,0.8
0.6,0.6,0.8,0.8
0.6,0.6,0.8,0.8
0.6,0.7,0.8,0.8
0.7,0.8,0.8,0.9
0.8,0.7,0.9,0.9
0.7,0.7,0.9,0.9
0.7,0.6,0.9,0.9
0.6,0.6,0.9,0.8
0.6,0.6,0.8,0.8
0.6,0.5,0.8,0.8
0.5,0.4,0.8,0.5
0.4,0.4,0.5,0.6
0.4,0.4,0.6,0.6
0.4,0.5,0.6,0.7
0.5,0.5,0.7,0.8
0.5,0.3,0.8,0.6
0.3,0.4,0.6,0.7
0.4,11.1,0.7,1.6
11.1,24.1,1.6,3.5
24.1,2.1,3.5,1.3
2.1,0.8,1.3,0.9
0.8,0.6,0.9,0.9
0.6,0.7,0.9,0.8
0.7,0.6,0.8,0.6
0.6,0.8,0.6,0.8
0.8,0.6,0.8,0.6
0.6,0.7,0.6,0.8
0.7,0.8,0.8,0.8
0.8,0.5,0.8,0.5
0.5,0.6,0.5,0.6
0.6,0.4,0.6,0.4
0.4,0.5,0.4,0.5
0.5,0.4,0.5,0.5
0.4,0.4,0.5,0.5
0.4,2.8,0.5,1.2
2.8,5.6,1.2,1.5
5.6,2.3,1.5,1.3
2.3,1.1,1.3,0.9
1.1,0.9,0.9,0.8
0.9,0.6,0.8,0.5
0.6,0.6,0.5,0.7
0.6,0.5,0.7,0.6
0.5,0.5,0.6,0.6
0.5,3.5,0.6,1.8
3.5,4.8,1.8,1.9
4.8,1,1.9,0.8
1,0.9,0.8,0.9
0.9,0.7,0.9,0.8
0.7,1.6,0.8,1.4
1.6,1,1.4,0.9
1,0.8,0.9,0.8
0.8,0.8,0.8,0.7
0.8,0.6,0.7,0.6
0.6,0.6,0.6,0.7
0.6,0.6,0.7,0.7
0.6,0.8,0.7,0.8
0.8,0.8,0.8,0.7
0.8,1.5,0.7,1.3
1.5,0.8,1.3,0.8
0.8,0.5,0.8,0.5
0.5,0.7,0.5,0.8
0.7,0.7,0.8,0.6
0.7,0.8,0.6,0.7
0.8,3.5,0.7,1
3.5,0.7,1,0.5
0.7,0.7,0.5,0.6
0.7,0.6,0.6,0.6
0.6,0.5,0.6,0.6
0.5,0.4,0.6,0.5
0.4,0.5,0.5,0.6
0.5,0.5,0.6,0.6
0.5,0.5,0.6,0.6
0.5,0.4,0.6,0.5
0.4,0.4,0.5,0.6
0.4,0.4,0.6,0.7
0.4,0.6,0.7,0.8
0.6,37.7,0.8,6
37.7,9.9,6,3.1
9.9,1.9,3.1,1.3
1.9,0.9,1.3,1
0.9,0.7,1,0.9
0.7,0.7,0.9,0.8
0.7,0.6,0.8,0.8
0.6,0.5,0.8,0.6
0.5,0.8,0.6,0.8
0.8,0.4,0.8,0.6
0.4,0.5,0.6,0.7
0.5,0.4,0.7,0.7
0.4,0.4,0.7,0.8
0.4,0.4,0.8,0.6
0.4,0.3,0.6,0.5
0.3,0.5,0.5,0.7
0.5,0.6,0.7,1
0.6,0.6,1,0.9
0.6,0.7,0.9,1.1
0.7,3,1.1,2.3
3,1.3,2.3,1.4
1.3,3.6,1.4,2.3
3.6,2.3,2.3,1.8
2.3,4.2,1.8,2.5
4.2,2.2,2.5,2.1
2.2,1,2.1,1.5
1,3.1,1.5,2.5
3.1,2.7,2.5,2.1
2.7,1.5,2.1,1.9
1.5,1.1,1.9,1.7
1.1,6.7,1.7,3.5
6.7,10.2,3.5,4.3
10.2,5,4.3,3.3
5,2,3.3,2.1
2,1.1,2.1,1.6
1.1,0.8,1.6,1.3
0.8,0.7,1.3,1.1
0.7,0.6,1.1,1.1
0.6,0.6,1.1,1.2
0.6,0.8,1.2,1.3
0.8,1.1,1.3,1.6
1.1,0.8,1.6,1.3
0.8,0.5,1.3,1.1
0.5,0.4,1.1,1
0.4,0.4,1,1
0.4,0.4,1,1.1
0.4,0.4,1.1,1
0.4,0.5,1,1.1
0.5,0.5,1.1,1
0.5,0.5,1,1.2
0.5,0.4,1.2,1
0.4,0.3,1,1
0.3,0.3,1,1
0.3,0.3,1,1.1
0.3,2.3,1.1,2.2
2.3,5.3,2.2,3.2
5.3,6.3,3.2,3.8
6.3,15.4,3.8,4.9
15.4,3.5,4.9,3
3.5,1.7,3,2.3
1.7,1.1,2.3,2
1.1,1.3,2,2.1
1.3,1,2.1,1.9
1,0.8,1.9,1.7
0.8,0.7,1.7,1.6
0.7,0.8,1.6,1.6
0.8,0.7,1.6,1.5
0.7,0.6,1.5,1.5
0.6,0.8,1.5,1.6
0.8,0.6,1.6,1.4
0.6,0.6,1.4,1.4
0.6,0.5,1.4,1.4
0.5,0.5,1.4,1.4
0.5,0.5,1.4,1.4
0.5,0.6,1.4,1.4
0.6,0.5,1.4,1.4
0.5,0.5,1.4,1.3
0.5,0.5,1.3,1.3
0.5,0.5,1.3,1.3
0.5,0.5,1.3,1.3
0.5,0.6,1.3,1.4
0.6,42.2,1.4,6
42.2,18.7,6,5
18.7,2.3,5,2.5
2.3,1.3,2.5,2.1
1.3,0.9,2.1,1.9
0.9,0.8,1.9,1.7
0.8,0.7,1.7,1.6
0.7,0.6,1.6,1.5
0.6,1.5,1.5,2.4
1.5,1.7,2.4,2.5
1.7,3.3,2.5,3.4
3.3,6.6,3.4,4.2
6.6,2.1,4.2,2.8
2.1,1.3,2.8,2.4
1.3,1.3,2.4,2.4
1.3,19.6,2.4,5.6
19.6,102.8,5.6,11.3
102.8,61.6,11.3,13.2
61.6,8,13.2,6.4
8,3.4,6.4,4.3
3.4,2.6,4.3,3.7
2.6,2,3.7,3.3
2,2.3,3.3,3.5
2.3,1.9,3.5,3.2
1.9,2.6,3.2,3.7
2.6,2.5,3.7,3.7
2.5,5.3,3.7,4.9
5.3,8.3,4.9,5.5
8.3,2.5,5.5,3.7
2.5,1.7,3.7,3.1
1.7,1.4,3.1,2.8
1.4,1.2,2.8,2.5
1.2,1,2.5,2.5
1,0.9,2.5,2.4
0.9,0.9,2.4,2.2
0.9,0.8,2.2,2.2
0.8,1.4,2.2,2.8
1.4,1.8,2.8,3.1
1.8,1.1,3.1,2.6
1.1,0.9,2.6,2.4
0.9,0.9,2.4,2.4
0.9,1.2,2.4,2.7
1.2,2.4,2.7,3.4
2.4,2.3,3.4,3.3
2.3,1.4,3.3,2.8
1.4,1,2.8,2.5
1,1,2.5,2.4
1,0.9,2.4,2.3
0.9,0.8,2.3,2.2
0.8,0.8,2.2,2.1
0.8,0.8,2.1,2.1
0.8,0.8,2.1,2
0.8,0.7,2,2
0.7,0.7,2,2
0.7,0.7,2,1.9
0.7,0.6,1.9,1.8
0.6,0.7,1.8,1.8
0.7,0.6,1.8,1.8
0.6,0.6,1.8,1.8
0.6,0.6,1.8,1.8
0.6,20.5,1.8,4.4
20.5,20.2,4.4,5.5
20.2,3.1,5.5,3.5
3.1,13.5,3.5,5.9
13.5,9.2,5.9,5.5
9.2,72.1,5.5,11.5
72.1,93.4,11.5,15.6
93.4,335.8,15.6,27.9
335.8,20.2,27.9,14
20.2,9.5,14,8.9
9.5,6.4,8.9,7.1
6.4,4.4,7.1,5.9
4.4,3.4,5.9,5.1
3.4,138,5.1,11.8
138,34.9,11.8,13.9
34.9,8.3,13.9,9.2
8.3,3.6,9.2,7.5
3.6,32.1,7.5,13.2
32.1,15.8,13.2,11.5
15.8,8.4,11.5,8.9
8.4,6.7,8.9,8.1
6.7,7.5,8.1,8.6
7.5,6.5,8.6,8.1
6.5,5.3,8.1,7.4
5.3,21.7,7.4,9.3
21.7,9.5,9.3,7.3
9.5,8.6,7.3,7.1
8.6,23.8,7.1,9.8
23.8,21.8,9.8,10.3
21.8,26,10.3,11.5
26,13.7,11.5,9
13.7,10.1,9,8.1
10.1,19.4,8.1,9.4
19.4,65.1,9.4,14.6
65.1,20.3,14.6,12
20.3,12.4,12,10.3
12.4,6,10.3,8.8
6,6.2,8.8,7.4
6.2,20.9,7.4,11.1
20.9,14.1,11.1,11.4
14.1,6.9,11.4,8.5
6.9,4.2,8.5,7.1
4.2,6.5,7.1,8
6.5,50.7,8,15.2
50.7,23.2,15.2,13.6
23.2,11,13.6,10.1
11,6.8,10.1,7.9
6.8,5.3,7.9,6.9
5.3,4.3,6.9,6.3
4.3,3.3,6.3,5.5
3.3,3.3,5.5,5
3.3,3.7,5,4.7
3.7,3.2,4.7,4.4
3.2,3,4.4,4.5
3,2.5,4.5,4.1
2.5,2.2,4.1,3.8
2.2,2,3.8,3.7
2,1.8,3.7,3.5
1.8,1.7,3.5,3.4
1.7,2.4,3.4,3.3
2.4,1.8,3.3,3.2
1.8,1.7,3.2,3
1.7,1.4,3,2.9
1.4,1.3,2.9,2.8
1.3,1.2,2.8,2.7
1.2,1.3,2.7,2.7
1.3,1.2,2.7,2.6
1.2,1.2,2.6,2.6
1.2,1.1,2.6,2.4
1.1,1.1,2.4,2.4
1.1,1.1,2.4,2.2
1.1,1,2.2,2.1
1,1,2.1,2.1
1,1,2.1,2
1,0.9,2,2
0.9,0.9,2,1.9
0.9,0.8,1.9,1.9
0.8,0.7,1.9,1.8
0.7,0.6,1.8,1.8
0.6,0.7,1.8,1.8
0.7,0.7,1.8,1.7
0.7,0.7,1.7,1.7
0.7,1.5,1.7,2.3
1.5,0.9,2.3,1.9
0.9,0.7,1.9,1.8
0.7,0.6,1.8,1.7
0.6,0.6,1.7,1.7
0.6,0.6,1.7,1.6
0.6,0.7,1.6,1.6
0.7,0.6,1.6,1.5
0.6,0.6,1.5,1.5
0.6,0.6,1.5,1.4
0.6,0.7,1.4,1.4
0.7,0.7,1.4,1.4
0.7,0.8,1.4,1.6
0.8,0.8,1.6,1.7
0.8,0.7,1.7,1.5
0.7,0.6,1.5,1.4
0.6,0.6,1.4,1.5
0.6,0.5,1.5,1.4
0.5,0.5,1.4,1.4
0.5,0.6,1.4,1.4
0.6,0.6,1.4,1.3
0.6,0.6,1.3,1.3
0.6,3.2,1.3,2.2
3.2,6.3,2.2,3
6.3,1.3,3,1.8
1.3,0.6,1.8,1.6
0.6,0.5,1.6,1.4
0.5,0.6,1.4,1.3
0.6,0.6,1.3,1.2
0.6,0.6,1.2,1.2
0.6,0.6,1.2,1.2
0.6,0.6,1.2,1.2
0.6,0.6,1.2,1.1
0.6,0.6,1.1,1.1
0.6,1,1.1,1.5
1,0.7,1.5,1.2
0.7,0.7,1.2,1.2
0.7,0.5,1.2,1.1
0.5,0.4,1.1,1.1
0.4,0.4,1.1,1.1
0.4,0.5,1.1,1
0.5,0.5,1,0.9
0.5,0.4,0.9,0.9
0.4,0.4,0.9,0.9
0.4,0.4,0.9,0.9
0.4,0.5,0.9,0.9
0.5,2.5,0.9,1.6
2.5,6.3,1.6,2
6.3,2.2,2,1.7
2.2,4,1.7,2.2
4,3.8,2.2,2.2
3.8,1.7,2.2,1.6
1.7,6.9,1.6,3
6.9,15.7,3,4.7
15.7,7,4.7,2.9
7,2.4,2.9,1.8
2.4,5.6,1.8,2.4
5.6,145.4,2.4,12
145.4,10.4,12,4.5
10.4,4.8,4.5,3.1
4.8,3.1,3.1,2.6
3.1,2.3,2.6,2.3
2.3,2.1,2.3,2.2
2.1,1.6,2.2,1.8
1.6,1.4,1.8,1.7
1.4,1.3,1.7,1.6
1.3,1.2,1.6,1.4
1.2,1.2,1.4,1.3
1.2,1.1,1.3,1.2
1.1,1.4,1.2,1.4
1.4,2.8,1.4,1.8
2.8,1.4,1.8,1.4
1.4,1,1.4,1.2
1,0.9,1.2,1.1
0.9,1.1,1.1,1.2
1.1,1,1.2,1.1
1,0.9,1.1,0.9
0.9,0.8,0.9,0.8
0.8,1.2,0.8,1
1.2,0.9,1,0.9
0.9,0.8,0.9,0.9
0.8,1,0.9,1.1
1,0.8,1.1,0.9
0.8,0.8,0.9,0.8
0.8,0.7,0.8,0.8
0.7,0.6,0.8,0.8
0.6,0.5,0.8,0.7
0.5,0.6,0.7,0.8
0.6,0.8,0.8,1.1
0.8,0.9,1.1,1.2
0.9,0.6,1.2,0.9
0.6,0.6,0.9,0.8
0.6,0.7,0.8,0.9
0.7,0.7,0.9,0.8
0.7,0.6,0.8,0.7
0.6,0.5,0.7,0.7
0.5,0.4,0.7,0.5
0.4,0.5,0.5,0.7
0.5,0.9,0.7,1.1
0.9,0.7,1.1,1.1
0.7,0.4,1.1,0.7
0.4,0.5,0.7,0.8
0.5,0.3,0.8,0.6
0.3,0.4,0.6,0.6
0.4,0.4,0.6,0.6
0.4,0.6,0.6,0.8
0.6,1.3,0.8,1.6
1.3,0.8,1.6,1.1
0.8,0.6,1.1,0.9
0.6,0.4,0.9,0.7
0.4,0.4,0.7,0.7
0.4,0.4,0.7,0.6
0.4,0.4,0.6,0.6
0.4,0.3,0.6,0.6
0.3,0.4,0.6,0.6
0.4,0.3,0.6,0.6
0.3,0.4,0.6,0.7
0.4,0.7,0.7,1.1
0.7,1,1.1,1.5
1,0.7,1.5,1.1
0.7,0.6,1.1,1
0.6,0.6,1,0.9
0.6,0.5,0.9,0.8
0.5,0.6,0.8,0.8
0.6,0.5,0.8,0.7
0.5,0.7,0.7,1
0.7,0.7,1,1.1
0.7,0.5,1.1,0.9
0.5,0.5,0.9,0.8
0.5,0.5,0.8,0.8
0.5,0.4,0.8,0.7
0.4,0.5,0.7,0.9
0.5,1,0.9,1.6
1,5.6,1.6,3.2
5.6,34.6,3.2,10.7
34.6,1.9,10.7,2.6
1.9,0.7,2.6,1.6
0.7,0.5,1.6,1.2
0.5,0.4,1.2,1
0.4,0.3,1,0.9
0.3,0.3,0.9,0.9
0.3,0.3,0.9,0.8
0.3,0.3,0.8,0.8
0.3,0.3,0.8,0.8
0.3,0.3,0.8,0.8
0.3,0.3,0.8,0.8
0.3,0.3,0.8,0.8
0.3,0.3,0.8,0.7
0.3,0.4,0.7,0.7
0.4,0.4,0.7,0.7
0.4,0.3,0.7,0.6
0.3,0.4,0.6,0.8
0.4,0.4,0.8,0.7
0.4,0.3,0.7,0.6
0.3,0.3,0.6,0.7
0.3,0.4,0.7,0.8
0.4,0.3,0.8,0.6
0.3,0.4,0.6,0.8
0.4,0.4,0.8,0.8
0.4,0.9,0.8,1.5
0.9,0.7,1.5,1.7
0.7,0.8,1.7,1.9
0.8,0.3,1.9,1.2
0.3,0.2,1.2,0.9
0.2,0.3,0.9,1
0.3,0.3,1,1
0.3,0.3,1,1
0.3,0.3,1,1
0.3,0.2,1,1
0.2,0.2,1,0.9
0.2,0.5,0.9,1.4
0.5,0.8,1.4,2
0.8,0.5,2,1.6
0.5,0.4,1.6,1.4
0.4,0.5,1.4,1.5
0.5,0.4,1.5,1.4
0.4,0.3,1.4,1.1
0.3,0.2,1.1,1
0.2,1,1,2
1,1.9,2,3.1
1.9,0.7,3.1,1.9
0.7,0.5,1.9,1.6
0.5,0.3,1.6,1.3
0.3,0.2,1.3,1.1
0.2,0.2,1.1,1
0.2,0.2,1,0.9
0.2,0.2,0.9,1
0.2,0.2,1,1
0.2,0.4,1,1.4
0.4,0.3,1.4,1.2
0.3,0.3,1.2,1.1
0.3,0.3,1.1,1
0.3,0.3,1,1
0.3,0.8,1,1.7
0.8,2.2,1.7,3.1
2.2,1.9,3.1,2.9
1.9,1.2,2.9,2.2
1.2,1.7,2.2,2.6
1.7,1.1,2.6,2.1
1.1,0.7,2.1,1.6
0.7,0.6,1.6,1.4
0.6,0.5,1.4,1.4
0.5,0.4,1.4,1.3
0.4,0.4,1.3,1.2
0.4,0.3,1.2,1.2
0.3,0.3,1.2,1.1
0.3,0.3,1.1,1.1
0.3,0.3,1.1,1.2
0.3,0.3,1.2,1.2
0.3,0.3,1.2,1.2
0.3,0.3,1.2,1.1
0.3,0.3,1.1,1.2
0.3,0.3,1.2,1.3
0.3,0.3,1.3,1.4
0.3,0.3,1.4,1.4
0.3,0.3,1.4,1.5
0.3,0.3,1.5,1.4
0.3,0.3,1.4,1.4
0.3,0.3,1.4,1.4
0.3,0.3,1.4,1.4
0.3,0.3,1.4,1.4
0.3,0.3,1.4,1.4
0.3,0.3,1.4,1.3
0.3,0.3,1.3,1.3
0.3,0.3,1.3,1.4
0.3,0.4,1.4,1.3
0.4,0.3,1.3,1.3
0.3,0.3,1.3,1.1
0.3,0.2,1.1,0.9
0.2,0.2,0.9,0.9
0.2,0.2,0.9,0.9
0.2,0.2,0.9,0.9
0.2,0.2,0.9,1
0.2,0.2,1,1
0.2,0.2,1,1.1
0.2,0.3,1.1,1.2
0.3,0.2,1.2,1.1
0.2,0.3,1.1,1.1
0.3,0.2,1.1,1.1
0.2,0.2,1.1,1
0.2,0.2,1,1
0.2,0.2,1,1
0.2,0.2,1,0.9
0.2,0.2,0.9,0.9
0.2,0.2,0.9,0.9
0.2,0.2,0.9,0.9
0.2,0.2,0.9,0.8
0.2,0.4,0.8,1.3
0.4,5,1.3,4.6
5,12.9,4.6,7.9
12.9,6.5,7.9,5.4
6.5,1.7,5.4,2.9
1.7,0.9,2.9,2.1
0.9,0.7,2.1,1.8
0.7,0.7,1.8,1.8
0.7,0.5,1.8,1.6
0.5,0.4,1.6,1.5
0.4,0.4,1.5,1.4
0.4,0.3,1.4,1.4
0.3,0.3,1.4,1.4
0.3,0.3,1.4,1.4
0.3,0.3,1.4,1.4
0.3,0.3,1.4,1.3
0.3,0.3,1.3,1.3
0.3,0.3,1.3,1.3
0.3,0.3,1.3,1.3
0.3,0.3,1.3,1.3
0.3,0.2,1.3,1.1
0.2,0.3,1.1,1.2
0.3,0.3,1.2,1.3
0.3,0.3,1.3,1.3
0.3,0.3,1.3,1.2
0.3,0.3,1.2,1.2
0.3,0.3,1.2,1.2
0.3,0.3,1.2,1.2
0.3,0.3,1.2,1.3
0.3,0.4,1.3,1.5
0.4,0.4,1.5,1.5
0.4,1.9,1.5,3.1
1.9,2.9,3.1,4
2.9,1.4,4,2.9
1.4,0.8,2.9,2.3
0.8,0.6,2.3,2
0.6,0.4,2,1.8
0.4,0.4,1.8,1.9
0.4,27.4,1.9,9.8
27.4,130.2,9.8,29.8
130.2,24.4,29.8,11.9
24.4,5.6,11.9,6.1
5.6,3.9,6.1,5.1
3.9,58,5.1,18.2
58,256.7,18.2,45.8
256.7,43.6,45.8,16.5
43.6,20.2,16.5,12
20.2,14.6,12,10.5
14.6,6.6,10.5,7.8
6.6,2.7,7.8,5.9
2.7,1.2,5.9,4.6
1.2,0.8,4.6,4.1
0.8,0.7,4.1,3.5
0.7,0.9,3.5,3.7
0.9,0.8,3.7,3.1
0.8,0.8,3.1,2.9
0.8,1.1,2.9,3.2
1.1,4.8,3.2,5.1
4.8,6.5,5.1,6.4
6.5,6.1,6.4,6.3
6.1,3.7,6.3,5.1
3.7,2.9,5.1,4.6
2.9,2.2,4.6,4.2
2.2,1.6,4.2,3.7
1.6,1.9,3.7,4
1.9,2.4,4,4.5
2.4,2.4,4.5,4.5
2.4,2.1,4.5,4.3
2.1,1.3,4.3,3.7
1.3,1,3.7,3.4
1,1,3.4,3.2
1,0.9,3.2,3.1
0.9,1,3.1,3
1,2.1,3,3.8
2.1,1.4,3.8,3.2
1.4,1,3.2,2.8
1,0.9,2.8,2.7
0.9,0.8,2.7,2.6
0.8,0.8,2.6,2.5
0.8,0.9,2.5,2.7
0.9,4.4,2.7,5
4.4,9.2,5,6.7
9.2,11.3,6.7,7.8
11.3,3.3,7.8,4.5
3.3,2.5,4.5,4.1
2.5,1.7,4.1,3.6
1.7,1.2,3.6,3.3
1.2,1,3.3,3.2
1,0.8,3.2,3
0.8,0.6,3,2.8
0.6,0.5,2.8,2.7
0.5,0.5,2.7,2.6
0.5,0.4,2.6,2.6
0.4,0.4,2.6,2.5
0.4,0.4,2.5,2.4
0.4,0.6,2.4,2.5
0.6,0.9,2.5,2.7
0.9,0.7,2.7,2.4
0.7,0.7,2.4,2.3
0.7,0.8,2.3,2.3
0.8,0.8,2.3,2.2
0.8,0.7,2.2,2.1
0.7,0.7,2.1,2.1
0.7,0.6,2.1,2
0.6,0.7,2,2.1
0.7,1,2.1,2.6
1,0.9,2.6,2.4
0.9,0.8,2.4,2.4
0.8,0.7,2.4,2.3
0.7,0.9,2.3,2.5
0.9,0.9,2.5,2.6
0.9,0.9,2.6,2.5
0.9,0.9,2.5,2.3
0.9,0.7,2.3,2.1
0.7,0.8,2.1,2.1
0.8,0.8,2.1,2.1
0.8,0.7,2.1,2.1
0.7,0.7,2.1,2
0.7,0.7,2,2
0.7,0.8,2,2
0.8,0.8,2,2
0.8,0.7,2,1.9
0.7,0.6,1.9,1.8
0.6,0.6,1.8,1.7
0.6,0.6,1.7,1.7
0.6,0.5,1.7,1.7
0.5,0.5,1.7,1.7
0.5,0.5,1.7,1.6
0.5,0.5,1.6,1.5
0.5,0.5,1.5,1.5
0.5,0.6,1.5,1.7
0.6,13.4,1.7,5.3
13.4,3.4,5.3,3
3.4,1.2,3,2.2
1.2,1,2.2,2.1
1,1,2.1,2.2
1,3.1,2.2,3.3
3.1,1.8,3.3,2.5
1.8,0.9,2.5,2.1
0.9,0.5,2.1,1.8
0.5,2.4,1.8,1.8
2.4,25.1,1.8,4.6
25.1,48.6,4.6,10
48.6,26.9,10,9.6
26.9,6.7,9.6,4.8
6.7,6,4.8,4.3
6,3.6,4.3,3.7
3.6,4.4,3.7,3.9
4.4,3.9,3.9,3.6
3.9,2.5,3.6,2.8
2.5,1.6,2.8,2.5
1.6,1.7,2.5,2.5
1.7,1.3,2.5,2.3
1.3,1.1,2.3,2.2
1.1,1,2.2,2.1
1,1.1,2.1,2.1
1.1,1.6,2.1,2.5
1.6,1.4,2.5,2.3
1.4,1.3,2.3,2.1
1.3,1.1,2.1,1.9
1.1,1.1,1.9,1.8
1.1,1.1,1.8,1.7
1.1,1.2,1.7,1.6
1.2,1.2,1.6,1.6
1.2,1.1,1.6,1.5
1.1,11.9,1.5,2.9
11.9,174.6,2.9,6.6
174.6,18.5,6.6,5
18.5,32.7,5,4.9
32.7,63.7,4.9,7.2
63.7,349.9,7.2,9.5
349.9,61.5,9.5,7.2
61.5,13,7.2,4.3
13,4.5,4.3,2.9
4.5,3.2,2.9,2.5
3.2,2.7,2.5,2.2
2.7,2.3,2.2,2
2.3,2.1,2,1.8
2.1,1.9,1.8,1.7
1.9,1.8,1.7,1.6
1.8,1.7,1.6,1.5
1.7,5.9,1.5,2.9
5.9,2.9,2.9,2.2
2.9,2,2.2,1.8
2,8.5,1.8,2.6
8.5,34.1,2.6,4
34.1,17.9,4,3.5
17.9,3.5,3.5,2.1
3.5,2.3,2.1,1.7
2.3,66.6,1.7,2.8
66.6,100.2,2.8,4.9
100.2,5.6,4.9,2.6
5.6,9.1,2.6,3.5
9.1,8.6,3.5,3.4
8.6,5,3.4,2.5
5,38.1,2.5,3.8
38.1,3.6,3.8,2.4
3.6,25.4,2.4,5.6
25.4,93.1,5.6,8.4
93.1,192.1,8.4,16.5
192.1,41.4,16.5,13
41.4,16.3,13,7.3
16.3,14.1,7.3,7.2
14.1,155.5,7.2,6.8
155.5,76.5,6.8,12.3
76.5,8.4,12.3,5.9
8.4,35.5,5.9,9.2
35.5,6.4,9.2,4.1
6.4,4.7,4.1,3.5
4.7,3.9,3.5,3
3.9,3.4,3,2.7
3.4,3,2.7,2.5
3,2.6,2.5,2.3
2.6,2.5,2.3,2.2
2.5,2.4,2.2,2
2.4,2.2,2,2
2.2,2,2,1.9
2,1.9,1.9,1.9
1.9,2.2,1.9,2
2.2,2,2,1.9
2,1.8,1.9,1.8
1.8,1.7,1.8,1.7
1.7,3.9,1.7,2.4
3.9,2.8,2.4,2.2
2.8,2.4,2.2,2.2
2.4,11.5,2.2,3.2
11.5,5.2,3.2,2.9
5.2,2.7,2.9,2.3
2.7,2.4,2.3,2.2
2.4,6.4,2.2,3.3
6.4,2.5,3.3,2.1
2.5,1.7,2.1,1.7
1.7,1.8,1.7,1.7
1.8,1.5,1.7,1.6
1.5,1.4,1.6,1.5
1.4,1.4,1.5,1.5
1.4,1.5,1.5,1.4
1.5,1.4,1.4,1.5
1.4,1.8,1.5,1.6
1.8,1.3,1.6,1.5
1.3,1.6,1.5,1.5
1.6,1.2,1.5,1.4
1.2,1.2,1.4,1.4
1.2,1.7,1.4,1.7
1.7,11.9,1.7,3.8
11.9,7.9,3.8,3.2
7.9,2.4,3.2,2
2.4,1.9,2,1.9
1.9,2.3,1.9,2.2
2.3,9.1,2.2,3.9
9.1,4.1,3.9,2.7
4.1,3,2.7,2.7
3,4.4,2.7,2.7
4.4,2.3,2.7,2.2
2.3,1.8,2.2,1.9
1.8,1.6,1.9,1.7
1.6,1.5,1.7,1.6
1.5,1.5,1.6,1.6
1.5,1.5,1.6,1.6
1.5,1.2,1.6,1.4
1.2,1.1,1.4,1.4
1.1,1.5,1.4,1.4
1.5,1.1,1.4,1.4
1.1,1.4,1.4,1.6
1.4,1,1.6,1.4
1,0.9,1.4,1.3
0.9,0.8,1.3,1.3
0.8,0.9,1.3,1.3
0.9,1.2,1.3,1.6
1.2,1.6,1.6,1.5
1.6,1,1.5,1.4
1,1,1.4,1.4
1,0.9,1.4,1.4
0.9,0.9,1.4,1.4
0.9,0.8,1.4,1.3
0.8,0.8,1.3,1.3
0.8,0.8,1.3,1.2
0.8,1,1.2,1.2
1,0.9,1.2,1.2
0.9,1.2,1.2,1.3
1.2,1,1.3,1.2
1,0.8,1.2,1.2
0.8,0.8,1.2,1.3
0.8,0.6,1.3,1.2
0.6,0.8,1.2,1.2
0.8,0.7,1.2,1.1
0.7,0.6,1.1,1.1
0.6,1,1.1,1.3
1,0.9,1.3,1.3
0.9,0.6,1.3,1.2
0.6,0.6,1.2,1.2
0.6,0.6,1.2,1.3
0.6,0.5,1.3,1.1
0.5,0.5,1.1,1.1
0.5,0.6,1.1,1.2
0.6,0.7,1.2,1.4
0.7,0.7,1.4,1.4
0.7,0.7,1.4,1.4
0.7,0.7,1.4,1.4
0.7,0.5,1.4,1.3
0.5,0.5,1.3,1.2
0.5,0.6,1.2,1.3
0.6,0.5,1.3,1.3
0.5,3.3,1.3,2.2
3.3,2.1,2.2,2
2.1,0.8,2,1.6
0.8,0.5,1.6,1.4
0.5,0.4,1.4,1.4
0.4,0.4,1.4,1.2
0.4,0.4,1.2,1.3
0.4,0.3,1.3,1.3
0.3,0.4,1.3,1.4
0.4,0.4,1.4,1.4
0.4,0.4,1.4,1.3
0.4,0.4,1.3,1.3
0.4,0.8,1.3,1.3
0.8,0.4,1.3,1.3
0.4,5.8,1.3,2.9
5.8,8.3,2.9,3.7
8.3,2.8,3.7,2.6
2.8,1.2,2.6,2
1.2,0.8,2,1.8
0.8,0.6,1.8,1.6
0.6,0.5,1.6,1.5
0.5,0.5,1.5,1.4
0.5,0.4,1.4,1.4
0.4,0.4,1.4,1.4
0.4,0.4,1.4,1.4
0.4,0.4,1.4,1.3
0.4,0.4,1.3,1.3
0.4,0.4,1.3,1.3
0.4,0.3,1.3,1.3
0.3,0.4,1.3,1.3
0.4,0.4,1.3,1.2
0.4,0.4,1.2,1.2
0.4,0.3,1.2,1.2
0.3,0.3,1.2,1.2
0.3,0.3,1.2,1.3
0.3,0.4,1.3,1.2
0.4,0.3,1.2,1.2
0.3,0.3,1.2,1.3
0.3,0.4,1.3,1.2
0.4,0.3,1.2,1.2
0.3,0.4,1.2,1.2
0.4,4.6,1.2,2.6
4.6,52.8,2.6,8.1
52.8,6.3,8.1,3.7
6.3,1.8,3.7,2.3
1.8,2.6,2.3,3.2
2.6,1.8,3.2,2.7
1.8,1.1,2.7,2.1
1.1,0.8,2.1,2
0.8,1.1,2,1.9
1.1,0.7,1.9,1.9
0.7,0.6,1.9,1.8
0.6,0.6,1.8,1.7
0.6,1.1,1.7,2.3
1.1,6,2.3,3.5
6,2.3,3.5,3
2.3,1.7,3,2.6
1.7,2.4,2.6,2.5
2.4,1.3,2.5,2.3
1.3,1.1,2.3,2.1
1.1,1,2.1,2.1
1,1,2.1,1.9
1,0.7,1.9,1.7
0.7,0.6,1.7,1.6
0.6,2,1.6,2.4
2,2.1,2.4,2.6
2.1,1.1,2.6,2.2
1.1,0.9,2.2,2
0.9,3,2,2.7
3,210.3,2.7,15.3
210.3,28.2,15.3,11.2
28.2,11,11.2,8.1
11,4.5,8.1,4.8
4.5,3,4.8,3.9
3,13,3.9,5.9
13,256.3,5.9,21
256.3,66.5,21,21.8
66.5,18.3,21.8,11.7
18.3,7.1,11.7,7.7
7.1,4.5,7.7,6
4.5,3.6,6,5.4
3.6,2.9,5.4,4.8
2.9,2.5,4.8,4.5
2.5,2.2,4.5,4.1
2.2,2.1,4.1,3.8
2.1,1.6,3.8,3.6
1.6,1.4,3.6,3.4
1.4,1.4,3.4,3.3
1.4,1.3,3.3,3.2
1.3,2.3,3.2,3.8
2.3,1.9,3.8,3.6
1.9,1.7,3.6,3.5
1.7,1.5,3.5,3.2
1.5,2.1,3.2,3.6
2.1,4.5,3.6,4.9
4.5,3.2,4.9,4.5
3.2,2.3,4.5,4.1
2.3,1.8,4.1,3.8
1.8,2.8,3.8,3.4
2.8,1.4,3.4,3.3
1.4,1.4,3.3,3.1
1.4,9.2,3.1,5.8
9.2,4.1,5.8,4.7
4.1,2.4,4.7,4.2
2.4,12.2,4.2,7.3
12.2,7.8,7.3,6.7
7.8,8.3,6.7,7.8
8.3,19,7.8,9.6
19,42.9,9.6,8.8
42.9,87.6,8.8,17.3
87.6,11.9,17.3,9.6
11.9,8.9,9.6,9.3
8.9,7.5,9.3,8.6
7.5,5.8,8.6,7.7
5.8,4.4,7.7,6.4
4.4,3,6.4,5.1
3,3.6,5.1,4.6
3.6,2.5,4.6,4.6
2.5,7.7,4.6,6.2
7.7,166.5,6.2,24.4
166.5,30.1,24.4,15
30.1,20,15,10.7
20,16.6,10.7,9.9
16.6,46.9,9.9,14.3
46.9,22.4,14.3,13.4
22.4,21.9,13.4,13.2
21.9,11.1,13.2,10.5
11.1,7.6,10.5,9
7.6,6,9,8.1
6,5.1,8.1,7.2
5.1,4.2,7.2,6.4
4.2,3.4,6.4,5.5
3.4,3,5.5,4.9
3,3.7,4.9,4.6
3.7,1.4,4.6,4.3
1.4,0.2,4.3,4.1
0.2,0.2,4.1,4
0.2,0.2,4,3.7
0.2,0.2,3.7,3.5
0.2,0.2,3.5,3.4
0.2,0.2,3.4,3.2
0.2,0.2,3.2,3.1
0.2,0.2,3.1,2.8
0.2,0.2,2.8,2.7
0.2,0.2,2.7,2.7
0.2,0.2,2.7,2.8
0.2,0.3,2.8,4
0.3,0.2,4,3.3
0.2,0.2,3.3,3
0.2,0.2,3,2.9
0.2,0.2,2.9,2.7
0.2,0.2,2.7,2.6
0.2,0.2,2.6,2.5
0.2,0.2,2.5,2.3
0.2,0.2,2.3,2.3
0.2,0.2,2.3,2.3
0.2,0.2,2.3,2.2
0.2,0.1,2.2,2.2
0.1,0.1,2.2,2.2
0.1,0.1,2.2,2.2
0.1,0.2,2.2,2.5
0.2,0.2,2.5,2.8
0.2,0.2,2.8,2.8
0.2,0.2,2.8,2.7
0.2,0.2,2.7,2.3
0.2,0.1,2.3,2.3
0.1,0.2,2.3,2.7
0.2,0.3,2.7,3.7
0.3,0.4,3.7,4.5
0.4,0.8,4.5,9.9
0.8,0.9,9.9,11.4
0.9,0.7,11.4,9.5
0.7,0.5,9.5,6.3
0.5,0.3,6.3,4.7
0.3,0.3,4.7,4.2
0.3,0.3,4.2,3.8
0.3,0.3,3.8,3.7
0.3,0.2,3.7,3.3
0.2,0.2,3.3,2.9
0.2,0.2,2.9,2.8
0.2,0.2,2.8,2.7
0.2,0.2,2.7,2.6
0.2,0.2,2.6,2.6
0.2,0.2,2.6,2.5
0.2,0.2,2.5,2.5
0.2,0.2,2.5,3.1
0.2,0.2,3.1,3.3
0.2,0.2,3.3,2.8
0.2,0.3,2.8,4.2
0.3,0.2,4.2,3.2
0.2,0.2,3.2,2.7
0.2,0.2,2.7,2.5
0.2,0.2,2.5,2.4
0.2,0.2,2.4,2.3
0.2,0.2,2.3,2.2
0.2,0.1,2.2,2.2
0.1,0.1,2.2,2.1
0.1,0.1,2.1,2.1
0.1,0.1,2.1,2
0.1,0.1,2,1.9
0.1,0.1,1.9,1.9
0.2,0.2,1.9,1.8
0.3,0.3,1.8,1.8
0.4,0.4,1.8,1.7
0.5,0.5,1.7,1.7
0.6,0.6,1.7,1.7
0.7,0.7,1.7,1.6
0.8,0.8,1.6,1.7
0.8,0.9,1.7,1.6
0.9,0.8,1.6,1.4
0.8,0.8,1.4,1.4
0.8,3.7,1.4,1.6
3.7,4.8,1.6,2
4.8,1.1,2,1.5
1.1,0.8,1.5,1.4
0.8,0.8,1.4,1.5
0.8,0.8,1.5,1.5
0.8,0.7,1.5,1.4
0.7,0.8,1.4,1.4
0.8,0.9,1.4,1.5
0.9,0.7,1.5,1.4
0.7,0.7,1.4,1.3
0.7,0.7,1.3,1.3
0.7,0.7,1.3,1.3
0.7,0.7,1.3,1.2
0.7,1.1,1.2,1.3
1.1,2.1,1.3,2
2.1,0.8,2,1.4
0.8,0.7,1.4,1.3
0.7,0.7,1.3,1.2
0.7,0.7,1.2,1.2
0.7,0.7,1.2,1.2
0.7,0.7,1.2,1.1
0.7,0.7,1.1,1.1
0.7,0.7,1.1,1
0.7,0.7,1,1
0.7,0.7,1,1
0.7,0.6,1,1
0.6,0.6,1,1
0.6,0.6,1,0.8
0.6,0.6,0.8,0.7
0.6,0.5,0.7,0.7
0.5,0.6,0.7,0.7
0.6,0.6,0.7,0.7
0.6,0.6,0.7,0.7
0.6,0.6,0.7,0.7
0.6,0.6,0.7,0.7
0.6,0.9,0.7,0.9
0.9,0.7,0.9,0.8
0.7,0.8,0.8,0.7
0.8,3.2,0.7,1.4
3.2,0.9,1.4,0.7
0.9,0.4,0.7,0.7
0.4,1.4,0.7,1.1
1.4,1.1,1.1,0.9
1.1,0.6,0.9,0.7
0.6,0.6,0.7,0.7
0.6,0.7,0.7,0.6
0.7,0.3,0.6,0.5
0.3,0.6,0.5,0.6
0.6,0.8,0.6,0.8
0.8,0.6,0.8,0.7
0.6,0.6,0.7,0.7
0.6,0.5,0.7,0.6
0.5,0.7,0.6,0.7
0.7,0.4,0.7,0.5
0.4,0.6,0.5,0.6
0.6,1.5,0.6,1.1
1.5,0.9,1.1,0.8
0.9,0.5,0.8,0.6
0.5,0.4,0.6,0.7
0.4,0.5,0.7,0.7
0.5,0.4,0.7,0.6
0.4,0.4,0.6,0.6
0.4,0.6,0.6,0.7
0.6,0.4,0.7,0.5
0.4,0.3,0.5,0.6
0.3,0.3,0.6,0.5
0.3,0.5,0.5,0.6
0.5,0.8,0.6,0.8
0.8,0.6,0.8,0.8
0.6,3.1,0.8,1
3.1,5.7,1,1.5
5.7,0.9,1.5,0.8
0.9,0.7,0.8,0.7
0.7,0.7,0.7,0.7
0.7,0.6,0.7,0.7
0.6,0.6,0.7,0.6
0.6,0.6,0.6,0.6
0.6,1.2,0.6,0.9
1.2,0.7,0.9,0.7
0.7,0.6,0.7,0.6
0.6,0.5,0.6,0.6
0.5,0.5,0.6,0.6
0.5,0.5,0.6,0.6
0.5,0.4,0.6,0.5
0.4,0.4,0.5,0.5
0.4,0.4,0.5,0.5
0.4,0.4,0.5,0.5
0.4,0.5,0.5,0.5
0.5,0.4,0.5,0.5
0.4,0.5,0.5,0.6
0.5,6.8,0.6,2
6.8,2.4,2,1.5
2.4,1.1,1.5,1
1.1,0.5,1,0.6
0.5,0.7,0.6,0.8
0.7,0.3,0.8,0.5
0.3,0.5,0.5,0.7
0.5,0.5,0.7,0.8
0.5,52.8,0.8,3.8
52.8,3.7,3.8,1.2
3.7,1,1.2,0.8
1,0.7,0.8,0.6
0.7,0.8,0.6,0.9
0.8,0.4,0.9,0.5
0.4,0.4,0.5,0.7
0.4,0.4,0.7,0.6
0.4,0.3,0.6,0.6
0.3,0.6,0.6,0.7
